district,Clinton,Trump,Obama,Romney,Obama,McCain,Dem,Rep,Dem,Rep,Dem,Rep,White,Black,Latino,Asian and Pacific Islander,Native,Other,White,Black,Latino,Asian and Pacific Islander,Native,Other,High School or Greater,Bachelor's Degree or Higher,White BA (Bachelor's Degree or Higher Among Whites Only),Median Income
AL-01,34.1,63.5,37.4,61.8,38.5,60.9,36.8,63.2,0,96.4,31.7,68.2,68.3,26.4,2.1,1.1,1.1,1.1,68.5,25.6,2.5,1.3,1.1,1,87,24.3,27.7,47952.00
AL-02,33,64.9,36.4,62.9,35,64.5,38.4,61.4,40.5,48.8,32.6,67.3,65.3,30.5,1.9,0.6,0.4,1.3,66.5,27.8,3,1.2,0.5,1,84.5,22.5,25.2,46817.00
AL-03,32.3,65.3,36.8,62.3,36.6,62.6,36.2,63.7,32.9,66.9,33.7,66.1,70.7,25.3,1.8,0.8,0.3,1,71.5,23.9,2.3,1.1,0.3,0.9,84.6,21.7,23.2,46576.00
AL-04,17.4,80.4,24,74.8,25.5,73.3,20.1,79.8,0,98.5,0,98.6,88.5,7,2.2,0.4,0.7,1.2,86.9,6.5,4.3,0.5,0.7,1,81.5,17.2,17.9,43458.00
AL-05,31.3,64.7,34.9,63.9,36.3,62.6,38.9,61,33.2,66.7,0,74.4,76.6,17.3,2.4,1.2,0.7,1.8,76.1,16.3,3.9,1.6,0.7,1.4,87.8,31.8,33,55043.00
AL-06,26.1,70.8,24.7,74.3,25,74.1,30.8,69.2,25.4,74.5,23.7,76.2,80.7,15.1,1.8,1,0.2,1,80.8,12.5,4.1,1.6,0.3,0.8,90.4,36.1,38,65464.00
AL-07,69.8,28.6,72.4,27.1,71.5,28.1,97.8,0,98.4,0,98.4,0,35.3,62.2,1.2,0.4,0.1,0.7,35.7,60.2,2.6,0.7,0.2,0.6,84.2,20,29.1,36447.00
AK-AL,37.6,52.8,41.2,55.3,38.1,59.7,46.5,53.1,36,50.3,41,51,67,3.1,5.6,5.4,13.3,5.5,68.4,3.1,4.7,6.2,13.2,4.5,92.7,29.2,35.6,76715.00
AZ-01,46.6,47.7,47.9,50.4,47.8,51,53.8,46.1,50.7,43.4,52.6,47.4,55.1,2.2,18.3,1.4,21.3,1.7,56.2,2.1,18.1,1.8,20.5,1.3,86.2,24.6,34.2,52705.00
AZ-02,49.6,44.7,48.4,49.9,48.9,49.8,54.7,45.2,43,57,49.9,50,68.3,3.5,22.5,2.6,1,2,69.2,3.5,21.7,3,0.9,1.7,91,34,38.9,52267.00
AZ-03,62.4,32.5,61.4,36.9,58.2,40.7,63.9,36.1,88.1,0,55.7,44.2,36.1,5.2,52.1,1.8,3.5,1.2,34.6,3.9,55.2,2.1,3.1,1.2,76,16.2,26.3,46643.00
AZ-04,27.5,67.7,31,67.2,34.4,64.2,30.5,68.2,28.5,71.5,25.8,70,79.8,1.7,14.2,1.2,1.5,1.6,79.7,1.5,14.5,1.2,1.8,1.3,87.3,19.2,20.7,50135.00
AZ-05,36.5,57.6,34.6,63.8,36.3,62.6,40.6,59.4,35.9,64.1,30.4,69.6,76.6,3,14.1,3.7,1,1.6,76.8,2.8,14,4.4,0.8,1.3,93.1,35.9,37.1,74185.00
AZ-06,42.4,52.4,38.8,59.5,41.2,57.7,44.8,55.2,37.9,62.1,35.1,64.9,80.2,2.6,11.2,3.1,1.4,1.5,79.2,2.3,12.3,3.6,1.4,1.3,92.4,44,47.2,70776.00
AZ-07,71.8,22.6,71.7,26.5,64.7,34.1,85.6,0,75.2,24.7,74.9,0,31.9,11.8,49,2.6,2.8,1.8,26.7,9,58.2,2.8,2.1,1.3,68.9,14.3,27.8,41714.00
AZ-08,37,58.1,36.9,61.7,38.4,60.6,44.5,55.5,0,68.5,0,75.8,74.8,4.4,15.3,3.2,0.6,1.6,76.1,3.6,15.1,3.2,0.7,1.3,92.1,29.4,31,65813.00
AZ-09,54.7,38.4,51.1,46.6,51.3,47.4,61.1,38.9,60.9,39,54.7,41.9,66.7,5.8,19.1,3.7,2.6,2.1,64.4,4.7,22.4,4.5,2.3,1.7,89.8,38.5,45.3,56869.00
AR-01,30.2,65,36.3,61,39.2,58,28.8,68.9,0,76.3,32.4,63.3,79.3,16.5,1.8,0.3,0.4,1.7,79.5,16.4,2.3,0.5,0.4,0.9,84.3,16.4,17.9,40980.00
AR-02,41.7,52.4,42.9,54.7,44.3,53.8,45.8,52.1,36.8,58.3,43.6,51.9,73.1,21.7,2.4,1,0.3,1.5,73.4,19.6,4,1.4,0.4,1.1,89.7,29.6,32.3,50929.00
AR-03,30.5,61.9,31.6,65.5,33.9,63.9,32.6,64.7,0,77.3,0,79.4,85,3,6.8,2,1.1,2.1,81.8,2.4,10,2.9,1.3,1.6,85.9,27.3,29.1,50554.00
AR-04,31.3,64.2,35.9,61.8,37.4,59.9,31.2,66.7,0,74.9,42.6,53.7,76.1,19.1,2.5,0.5,0.7,1.2,75.4,18.3,4,0.6,0.6,1,84.7,16.6,18,40937.00
CA-01,36.5,56.2,40.3,56.6,41.8,53,45.1,54.9,40.9,59.1,39,61,81.9,1.6,9.8,2.3,1.5,2.8,82.1,1.3,9.9,2.3,1.8,2.6,90.1,24.4,26,51104.00
CA-02,69,23.3,69,27,71.4,25.4,77,23,76.9,23.1,75,25,79.9,1.6,10.2,3.5,1.8,3,76.2,1.7,14.1,3.6,1.9,2.5,90.6,41.5,46.4,72596.00
CA-03,53,40.4,54.3,43.1,54.9,42.3,58.1,41.9,59.4,40.6,52.7,47.3,57,6.9,20.9,10.9,0.7,3.6,55.1,6,23.6,11.2,0.9,3.3,84.1,25.4,29.4,64891.00
CA-04,39.3,54,39.5,57.9,42.9,54.2,45.9,54.1,37.3,62.7,0,100,80.8,1.3,10.2,4.4,0.7,2.6,81,1.2,10.4,4,1,2.3,93.1,33.3,34,75935.00
CA-05,69.2,24.3,69.7,27.5,70.4,26.2,78.9,0,76.9,23.1,75.7,0,60.5,6.8,17.7,11.3,0.5,3.3,57.8,6.2,21.5,11.3,0.6,2.6,87.4,31.7,38.3,75524.00
CA-06,69.2,24.4,69.1,28.3,67.6,29.3,100,0,75.4,24.6,72.7,27.3,44.5,14,21.1,16.2,0.5,3.7,43.7,12.1,23.3,16.4,0.6,3.7,84.3,28.5,37.1,54819.00
CA-07,52.3,40.9,50.8,46.8,51.4,45.9,55,45,51.2,48.8,50.4,49.6,59.9,7.5,13.9,14.5,0.4,3.7,61.4,7,13.6,14.1,0.5,3.3,90.4,33.4,35.2,74541.00
CA-08,39.6,54.7,41.7,55.6,41.6,54.8,0,100,37.7,62.3,32.4,67.6,54,8,31.8,3.2,1,2.1,56,7.1,30.3,3.5,1.1,2.2,82.9,16.8,20.6,52244.00
CA-09,56.6,38,57.8,40.1,56.3,40.8,56.5,43.5,57.4,42.6,52.4,47.6,43.8,10,28.7,14,0.3,3.1,42,8.1,32.6,14.2,0.5,2.7,80.7,20.2,25.1,64283.00
CA-10,48.5,45.5,50.6,47,49.9,47.2,52.3,47.7,48.3,51.7,43.9,56.1,53.2,3.6,32.6,7.3,0.5,2.6,51.8,3.3,34.8,6.9,0.6,2.6,80,17.6,22.1,62837.00
CA-11,71.5,22.7,67.6,30,68.8,28.4,74.1,25.9,72.1,27.9,67.3,32.7,55.8,9,17.3,13.8,0.2,3.8,52.3,8.8,22.1,13.7,0.3,2.8,88.3,44.1,56.5,88762.00
CA-12,86.2,8.7,84.1,12.5,83.8,12.8,86.8,13.2,80.9,0,83.3,16.7,48.5,5.6,11.2,31.2,0.2,3.3,46.3,5.6,13.5,31.5,0.2,2.9,88.9,58.9,77.3,105548.00
CA-13,87.4,6.8,87.5,9,87.1,9.9,88.4,0,90.8,9.2,88.5,11.5,42,18.7,14.1,20.8,0.4,4,37.4,19,18,22.1,0.3,3.4,85.6,48.2,71.2,75420.00
CA-14,76.9,18.2,74.2,23.6,73.4,23.6,79.2,20.8,80.9,19.1,76.7,23.3,41.2,3.4,17.8,34.5,0.2,2.9,39.3,3.4,22,32.4,0.2,2.7,88.4,47.4,56.9,107681.00
CA-15,69.9,24.2,68,29.8,67,30.1,73,27,73.8,26.2,69.8,30.2,41.7,6.9,18,30,0.3,3.1,41,6.5,21,28.1,0.3,3.2,89.9,44.5,46.8,109911.00
CA-16,58,36.4,58.6,39.4,57.1,39.9,57.5,42.5,58,42,50.7,49.3,33,7.4,47.9,9.3,0.7,1.8,30.2,6.1,52.9,8.5,0.7,1.7,67.4,12.6,21.8,43327.00
CA-17,73.9,20.5,71.9,25.5,68.6,27.6,75.3,24.7,100,0,100,0,32.5,3,15.1,46.5,0.3,2.7,30,2.4,15.6,49.3,0.2,2.5,91.5,57,52.8,125675.00
CA-18,73.4,20.2,68.2,28.9,69.8,26.9,74.5,25.5,71.1,28.9,67.8,32.2,63.7,2.1,11.7,19.5,0.2,2.9,61.1,2,15,19.2,0.2,2.5,93.8,62.7,65.6,129821.00
CA-19,72.9,21.5,71.2,26.5,67.5,28.8,73.8,26.2,73.9,26.1,100,0,33.3,3.3,31,29.6,0.2,2.6,30.4,3,37.2,27,0.3,2.1,81.3,35.9,49.6,98314.00
CA-20,70.4,23.2,70.9,26.2,71.4,25.6,81.4,0,70.8,29.2,75.2,0,53.3,2.6,34.9,6,0.3,2.9,44.9,2.2,44.4,6,0.4,2.1,75.7,27.8,45.2,69872.00
CA-21,55.2,39.7,54.6,43.5,51.5,45.7,50.4,49.6,43.3,56.7,42.2,57.8,27.5,5.7,60.7,3.8,0.6,1.7,23.2,5.3,65.9,3.8,0.6,1.2,59.4,8.3,17.8,42155.00
CA-22,42.6,52.1,41.6,56.6,42.3,55.3,47.3,52.7,32.4,67.6,28,72,49.3,3.1,37.6,7.7,0.5,1.8,48,2.8,39.4,7.4,0.6,1.8,81.4,24.9,32.6,59240.00
CA-23,36.1,58.1,36.1,61.5,36.2,60.9,36.3,63.7,30.8,69.2,25.2,74.8,55.1,6.8,30.5,4.7,0.7,2.3,55.7,5.7,30.8,4.8,0.9,2.1,82.4,20.4,24.6,59119.00
CA-24,56.7,36.5,54.1,43.1,56.2,40.7,58.6,41.4,53.4,46.6,51.9,48.1,66.9,2.1,23.6,4.6,0.5,2.4,62,2,29,4.5,0.5,2.1,85.1,34.2,44.7,71225.00
CA-25,50.3,43.6,47.8,49.7,48.7,48.1,54.4,45.6,46.9,53.1,0,100,49.5,8.2,31.3,8.3,0.4,2.4,50.3,7.6,31.5,8.1,0.3,2.2,85.2,27.6,33.2,79198.00
CA-26,57.9,36,54,43.7,56.1,41,61.9,38.1,60.4,39.6,51.3,48.7,55.3,2.1,33.4,6.8,0.3,2.1,50.9,1.8,38.4,6.9,0.3,1.7,83.2,33.3,44.9,82350.00
CA-27,66,28.4,62.6,35,61,35.5,100,0,67.4,32.6,59.4,40.6,32.2,5.3,24.9,35.5,0.3,1.8,31.3,4.5,24.4,38,0.2,1.7,85.6,42.2,54.5,75672.00
CA-28,72.1,22.3,70.3,26.5,70.1,26.3,78.4,21.6,78,22,76.5,0,61.6,3.3,20.3,12.2,0.3,2.4,58.1,2.5,23,13.6,0.2,2.7,88.1,45.3,50.1,66387.00
CA-29,77.7,16.8,77,20.5,73.8,22.5,80.6,19.4,100,0,74.6,25.4,27.9,5.1,56.4,9.2,0.2,1.2,21.7,4,64.1,8.5,0.2,1.4,69.9,19.9,35.2,53324.00
CA-30,69.1,25.7,65.3,32.1,65.8,30.9,73.4,26.6,72.6,27.4,65.6,34.4,58.1,5.5,21.9,12.1,0.2,2.2,56.6,4.2,24,12.3,0.2,2.7,88.7,43.6,50.7,79836.00
CA-31,57.7,36.6,57.2,40.6,55.6,40.7,58.7,41.3,56.1,43.9,51.7,48.3,33.5,11.8,44.9,7.2,0.3,2.2,34.4,11,44.3,8,0.3,2,80.3,23.6,33.1,61219.00
CA-32,66.6,27.7,65.2,32.5,62,34.5,68.8,31.2,100,0,59.7,40.3,21,3.4,55.1,19,0.3,1.2,21.2,2.7,57.8,16.9,0.2,1.2,75.5,21.3,31.3,67871.00
CA-33,67.8,26.5,60.6,36.8,64.1,32.9,70,30,66.4,33.6,59.2,40.8,69.7,3.2,11.6,12.2,0.2,3.1,70.1,2.8,10.3,13.7,0.2,2.9,95.8,64.7,67.8,108188.00
CA-34,83.6,10.7,83,14.1,77.1,18.7,72.5,0,100,0,100,0,17.9,7.4,50.3,22.3,0.3,1.7,10.9,5.1,60.5,22.1,0.2,1.2,67,26.4,59.4,42959.00
CA-35,67.7,26.9,67.4,30.6,64.1,32.3,69.4,30.6,72.4,27.6,100,0,20.2,8,61.9,7.6,0.3,2,19.1,7.2,65,7.2,0.3,1.3,71.1,15.9,23.3,61852.00
CA-36,52.2,43.4,50.7,47.5,50.1,47,59,41,62.1,37.9,54.2,45.8,53,4.7,36.8,3.3,0.8,1.5,51.9,3.5,39.5,3.1,0.7,1.3,80.7,20.8,30.6,48534.00
CA-37,85.7,9.6,84.9,12.7,84.3,12.8,89.1,10.9,100,0,84.3,15.7,31.6,28.6,26.8,10.1,0.2,2.7,27.2,24.8,34.3,10.6,0.2,2.8,80.5,38.6,66.6,57795.00
CA-38,67,27.4,64.9,33,61.1,35.2,68.9,31.1,70.5,29.5,59.1,40.9,21.8,4.1,56.2,16.3,0.4,1.2,21.9,3.5,57.2,15.7,0.3,1.3,80,23.3,26.5,69596.00
CA-39,51.5,42.9,47.1,50.8,47.3,49.4,51.6,48.4,42.8,57.2,31.5,68.5,37.1,2.7,28.8,29.3,0.2,1.9,37.4,2.4,28.5,29.8,0.2,1.8,89.1,41.5,42.9,87752.00
CA-40,82.2,12.8,81.5,16.5,76.9,19.4,77.3,0,71.4,0,100,0,8.1,7.6,79.9,3.6,0.2,0.6,6.7,5.5,84.2,2.8,0.2,0.6,55.1,10,22.6,46484.00
CA-41,61,33.1,61.5,36.3,58.5,38,65.1,34.9,65,35,56.6,43.4,30.6,11.1,49.7,6.3,0.4,1.9,30.9,9.6,50.3,6.9,0.4,1.9,75.9,17.4,26,63921.00
CA-42,41.4,53.4,41.4,56.5,43,53.9,43.5,56.5,41.2,58.8,34.3,65.7,50.6,6.3,31.2,9.1,0.4,2.5,50.8,5.3,32.1,9.3,0.4,2.1,86.6,25.5,27.9,82030.00
CA-43,78.4,16.7,78,20,75.2,21.8,77.7,22.3,76.1,23.9,71,29,19.9,27.8,35.2,14.2,0.3,2.6,17.7,24.2,41.7,14.1,0.2,2.1,78,26.4,44.7,57130.00
CA-44,83,12.3,84.7,13.6,81,15.8,100,0,100,0,86.7,0,10.5,21.8,58.4,7.6,0.3,1.5,9,18,64.5,7.1,0.2,1.2,64.3,12.8,28.6,52173.00
CA-45,49.8,44.4,43,54.8,46.3,50.6,52.1,47.9,41.4,58.6,34.9,65.1,59.5,1.8,15.2,20.8,0.2,2.6,58.3,1.5,16.4,21,0.2,2.7,93.6,54.7,55.4,102575.00
CA-46,66.3,27.9,61.4,36.2,57.8,38.6,69.1,30.9,100,0,59.7,40.3,29.3,2.4,49.6,17.2,0.2,1.4,22.5,1.9,60.8,13.3,0.2,1.2,67.9,18.9,31.4,63750.00
CA-47,62.6,31,60,37.5,57.9,38.6,64.9,35.1,63.7,36.3,56,44,40.5,8.2,25.7,23,0.3,2.3,38.5,7.3,29.6,22.1,0.3,2.2,81.9,32,42.2,67451.00
CA-48,47.9,46.2,43,54.7,45.9,50.8,53.6,46.4,41.7,58.3,35.9,64.1,62.5,1.4,15.2,18.4,0.3,2.2,61.5,1,17,18.1,0.2,2.1,89.6,45.2,52.2,91464.00
CA-49,50.7,43.2,45.7,52.2,49,47.9,56.4,43.6,49.7,50.3,39.8,60.2,68.7,2.6,19.5,6.5,0.3,2.4,65.4,2.4,22.1,7.6,0.4,2.2,90.7,44.8,52.4,87919.00
CA-50,39.6,54.6,37.6,60.4,39.1,58,48.3,51.7,36.5,63.5,28.8,71.2,64.9,2.9,22.6,5.9,1,2.8,63.3,2.3,25.7,5.5,0.9,2.2,87,28.7,34,74605.00
CA-51,71.8,22.8,69.4,28.9,65,31.7,71.2,28.8,72.8,27.2,68.8,31.2,19.5,8.5,60.5,9.5,0.5,1.5,17.6,7.4,63.9,9.1,0.5,1.5,69.9,14.6,25.7,47569.00
CA-52,58.1,35.6,52.1,45.7,54.6,42.5,63.8,36.2,56.5,43.5,51.6,48.4,64.9,3.2,12.3,16.2,0.3,3.1,64.7,2.9,11.6,17.8,0.3,2.8,95.2,58.4,61.6,94302.00
CA-53,64.5,29.6,6.4,36.4,60.7,36.4,69.1,30.9,67,33,58.8,41.2,48,8.3,27.2,13.1,0.2,3.2,48.1,7.5,27.6,13.5,0.4,2.9,88.9,37.7,47,73421.00
CO-01,69,23.2,69,28.8,70.9,27.6,73.8,23,67.9,27.7,65.8,29,68.6,7.9,18.5,2.7,0.5,1.9,62.2,8,24.2,3.3,0.6,1.8,88.3,47.6,61.2,65874.00
CO-02,56.2,34.9,57.9,39.5,61.2,37.2,60.3,33.6,56.9,37.2,56.7,43.3,87.5,0.9,7.5,2.2,0.4,1.5,86.7,0.7,8.1,2.8,0.4,1.3,96.4,54.8,57.1,78311.00
CO-03,40,52,45.8,51.8,48.4,49.9,43.6,51.5,40.3,54.6,35.7,58,77,0.8,18.8,0.7,1.4,1.2,75.5,0.7,20.7,0.7,1.2,1.2,90.3,30.9,36,53778.00
CO-04,34.3,57.4,39.2,58.5,41.9,56.4,39.4,60.6,31.7,63.5,29.2,64.7,79.4,1.2,16.1,1.4,0.5,1.4,77.2,1.3,18.1,1.7,0.6,1.1,91,34.7,39.2,74481.00
CO-05,33.2,57.2,38.3,59.1,39.7,58.8,39.3,57,30.9,62.3,40.2,59.8,76.6,5.6,12.4,2.3,0.4,2.8,77.1,5.2,12,2.8,0.7,2.3,93.6,36.2,39.9,63890.00
CO-06,50.2,41.3,51.6,46.5,53.6,44.9,54.1,42.9,42.6,50.9,43,51.9,70.8,8.7,13.1,4.7,0.4,2.2,67.3,8.4,16.7,5.3,0.4,1.8,92,42.4,50.3,80264.00
CO-07,51.4,39.4,56.1,41.3,57.4,40.7,60.4,35.4,55.2,39.8,55.1,44.9,72.8,1.6,20.8,2.7,0.6,1.5,70.9,1.3,22.7,3.2,0.6,1.3,88.5,33.2,39.8,69173.00
CT-01,59.4,36.3,63.3,35.6,65.8,32.9,63.9,35,64.1,33.8,62.3,36.1,68.5,13.1,13.8,3.1,0.1,1.4,68.8,12.9,12.5,4.2,0.1,1.4,89.5,37,42.2,72552.00
CT-02,48.7,45.8,55.9,42.6,58.6,40,62.2,35.4,63.2,33.7,62.3,35.5,85.9,3.6,6.3,2.2,0.3,1.7,86,3.7,5.7,2.9,0.4,1.4,92.4,35.3,36.8,76947.00
CT-03,55.9,40.4,62.6,36.3,62.6,36.2,64.6,35.4,69,31,67.1,32.9,71.6,12.4,11.4,3,0.1,1.4,72.5,11.6,10.6,3.8,0.2,1.4,91.2,36.2,39.5,69186.00
CT-04,59.6,36.6,55.1,44,59.6,39.7,61.2,38.8,59.9,40.1,53.7,46.3,70.3,11.4,13.3,3.9,0.2,0.9,66.8,10.9,16.2,4.6,0.1,1.4,90,49.6,60.9,95749.00
CT-05,49.9,45.8,53.5,45.3,56.4,42.4,55.9,44.1,58,42,53.3,45.8,76.6,6.4,13.4,2.5,0.1,1.1,76.7,5.6,13.1,2.9,0.1,1.5,89.4,36.5,41.2,72591.00
DE-AL,53.4,41.9,58.6,40,61.9,36.9,64.3,35.4,55.5,41,59.3,36.8,69.7,21,5.3,2.3,0.4,1.4,69,19.5,6.7,3.2,0.3,1.3,89.8,31.4,33.7,65627.00
FL-01,28.2,67.5,30.1,68.5,32,66.8,32.9,67.1,30.9,69.1,23.4,70.1,77,12.9,4.8,2.3,0.5,2.6,77.6,12.5,4.5,2.7,0.8,2,90.8,27.8,30.2,55779.00
FL-02,30.6,66.2,34,64.6,35.2,63.4,32.6,67.4,29.9,67.3,Redrawn,,79.5,12.7,4.7,1.2,0.4,1.4,79.7,12.2,4.8,1.5,0.5,1.3,87.2,23.5,24.5,48717.00
FL-03,40.2,56.2,41.9,56.6,44.2,54.6,42.4,57.6,39.8,56.6,Redrawn,,72.5,15.3,7.9,2.4,0.3,1.6,72.8,14.8,7.4,3.3,0.3,1.4,88.7,27.1,27.9,49527.00
FL-04,34.1,62.1,32.8,66.1,34.8,64.2,32.4,65.2,27.6,70.2,Redrawn,,79.4,8.9,6.4,3.4,0.2,1.7,79,9,6.2,4,0.3,1.5,93.4,39.6,40.3,70059.00
FL-05,61.3,35.9,63.6,35.4,63.2,35.9,66.8,33.2,64.2,35.8,Redrawn,,44.6,45.8,5.7,2,0.3,1.6,46.7,43.1,6,2.4,0.3,1.4,85.3,20.2,23.2,41255.00
FL-06,39.9,56.9,46.6,52.2,50.1,48.7,43.7,56.3,41.4,58.6,Redrawn,,78,9.5,9.9,1.4,0.3,0.9,79.5,8.9,8.8,1.5,0.3,1.1,90.2,23.8,24.8,48810.00
FL-07,51.4,44.1,49.4,49.4,51.1,48,57.7,42.3,51.5,48.5,Redrawn,,63.4,9.6,21.8,3.5,0.1,1.5,66.8,8.9,18.7,3.9,0.2,1.5,93.1,39,43.8,60137.00
FL-08,37.7,58.4,42.1,56.6,43.8,54.9,39.5,60.5,32.5,63.1,34.1,65.8,80,8.4,8.2,1.7,0.3,1.4,80.4,8.3,7.7,2,0.3,1.3,91.2,29,30.3,53969.00
FL-09,54.8,41.9,55.6,43.4,54.6,44.5,58,42,57.5,42.5,Redrawn,,49,11.3,35.7,2.6,0.2,1.2,52.4,10.7,32.2,3,0.2,1.5,86,23.6,26.9,51094.00
FL-10,61.8,34.9,60.7,38.4,60.9,38.5,100,0,64.9,35.1,Redrawn,,43.6,26.3,23.6,4.9,0.1,1.6,44.1,25,23,5.4,0.2,2.3,87.3,30.8,39.9,52843.00
FL-11,32.5,64.8,39.8,59.2,42.6,56.1,34.8,65.1,31.6,65.4,Redrawn,,83.3,6.2,8.1,1,0.3,1,84.4,6,7.3,1.1,0.3,0.9,88.7,20.6,21.5,46297.00
FL-12,38.8,57.4,45.5,53,47.4,51.2,39.7,58.1,31.4,68.6,Redrawn,,82.5,4.2,10,2,0.3,1.1,84.7,3.3,8.5,2.1,0.2,1.1,90.5,27.5,27.1,52568.00
FL-13,49.6,46.4,54.6,43.9,55.5,43,57.6,42.4,51.9,48.1,Redrawn,,77.3,11.2,7.1,2.8,0.3,1.3,77.7,10.6,7.1,3,0.3,1.3,90.4,29.7,31.6,50319.00
FL-14,57.2,39,57.6,41.2,58.1,40.9,100,0,61.8,38.2,Redrawn,,53.3,17.2,24.3,3.4,0.2,1.7,52.1,16.4,25.8,3.9,0.2,1.6,88.5,35.8,46.2,53306.00
FL-15,43.1,53.1,46.6,52.2,46.7,52.1,47,53,42.5,57.5,Redrawn,,65.5,13.5,17,2.4,0.3,1.4,67.3,12.3,16.1,2.6,0.3,1.4,87.8,25.2,26.6,54333.00
FL-16,43,53.7,45.1,53.7,47.7,51.2,45.4,54.6,40.2,59.8,Redrawn,,79.3,7.4,10.4,1.7,0.2,1,78.2,6.6,12.3,1.7,0.2,0.9,90,32.3,35.3,59440.00
FL-17,35,62.2,41.3,57.6,43.9,54.7,37.7,62.3,34.2,61.8,Redrawn,,81.4,6.5,9.8,1,0.3,1,80.1,6.3,11.4,1.1,0.3,0.8,87,21.5,23.3,48734.00
FL-18,44.1,53.3,47.7,51.4,51.2,47.9,45.7,54.3,43.1,53.6,Redrawn,,75.3,10.9,11,1.7,0.2,0.9,74.2,10.5,12.2,1.8,0.2,1.1,89.6,31.1,34.5,58721.00
FL-19,37.5,59.6,38.7,60.5,42.3,56.8,37.7,62.3,34.1,65.9,32.7,64.6,80.1,5.8,11.9,1.4,0.2,0.7,77.2,5.7,14.8,1.3,0.2,0.9,89.1,32.5,37.2,57611.00
FL-20,80.2,18.1,82.5,17.1,80.9,18.6,99.9,0,80.3,19.7,Redrawn,,23.9,51.6,20.3,2.6,0.1,1.4,25.2,47.5,22.6,2.6,0.2,1.9,82.1,21,27.7,46252.00
FL-21,58.6,39.1,60.4,38.9,63.4,35.9,100,0,62.7,35.1,Redrawn,,68.1,12.3,16.2,2.3,0.1,1,66.8,11.7,17.8,2.3,0.1,1.2,87.9,35,41.5,58430.00
FL-22,56.8,41,56.3,43,58.3,41,62,38,58.9,41.1,Redrawn,,67.2,12.3,16.5,2.6,0.2,1.2,67.5,11.2,16.6,2.8,0.1,1.8,91.4,39,44.5,62550.00
FL-23,61.9,35.8,61.4,38,62,37.3,58.5,36,56.7,40.5,Redrawn,,47.7,13.3,33.8,3.7,0.3,1.3,51.1,11.6,31.9,3.6,0.2,1.6,92.3,39.4,41.5,64827.00
FL-24,82.9,15.4,85.7,13.9,84,15.6,100,0,100,0,Redrawn,,14.1,49.8,34.1,1.3,0.1,0.6,13.9,45.9,36.9,1.5,0.1,1.5,78.5,20.1,37.8,39943.00
FL-25,47.9,49.7,44.9,54.5,40.6,58.8,39.5,60.5,37.6,62.4,Redrawn,,26.3,3.9,68.3,1,0.2,0.3,20,3.6,74.9,1,0.1,0.4,78.2,24.3,36.1,49970.00
FL-26,56.8,40.5,55.4,43.9,51.5,47.9,50.9,49.1,41.2,53,Redrawn,,20.5,11.1,66,1.7,0.1,0.6,18.9,10,68.3,1.7,0.1,1,82.4,26.4,35.2,56696.00
FL-27,58.5,38.9,53,46.3,50.1,49.3,51.8,45.8,45.1,54.9,Redrawn,,25.4,4.9,67.2,1.8,0.1,0.6,24,4,69.1,1.9,0.1,0.9,85.6,39.4,63.7,55451.00
GA-01,40.9,56.4,43,55.9,44.4,55,42.3,57.7,0,100,39.1,60.9,63.4,29.3,4.1,1.4,0.3,1.4,63.7,28.1,4.9,1.8,0.3,1.3,87.8,25.5,29.4,51484.00
GA-02,55,43.3,58.6,40.8,57.9,41.6,59.6,40.4,61.2,38.8,59.2,40.8,43.8,51.3,2.7,1,0.2,1.1,45,48.6,4,1.1,0.3,0.9,82.1,17.8,23,38051.00
GA-03,32.8,64.3,33,65.9,34,65.3,34.5,65.5,31.7,68.3,0,100,69.7,24,3.4,1.3,0.2,1.3,71,21.7,4.3,1.6,0.3,1,87.1,26.5,28.6,57657.00
GA-04,75.3,22.2,73.6,25.6,73.2,26.3,78.8,21.2,75.7,24.3,100,0,28.9,62.3,3.9,3.3,0.2,1.4,31.1,54.7,8,4.5,0.2,1.5,87.6,31.1,39.7,54824.00
GA-05,85,11.9,83.1,15.8,84.4,15,100,0,84.4,15.6,100,0,32.8,59,3.3,3,0.2,1.6,31.4,56,6.9,4,0.2,1.5,88.5,41.6,72,51005.00
GA-06,46.8,48.3,37.5,60.8,40.1,59,50.5,49.5,38.3,61.7,34,66,71,14.2,5.5,7.4,0.3,1.6,64.9,12.1,12,9.2,0.1,1.7,93.7,61.1,66.8,90875.00
GA-07,44.8,51.1,38.3,60.2,39.1,60.1,49.9,50.1,39.6,60.4,34.6,65.4,56.1,21.4,9.6,11.1,0.2,1.5,52.9,16.7,16.9,11.8,0.2,1.5,88.9,41.3,47.5,74060.00
GA-08,34.4,63.3,37.5,61.6,37.8,61.6,0,100,32.4,67.6,0,100,64.1,30.6,3.1,1,0.2,1,64.6,28,4.9,1.4,0.3,0.9,84.3,21.4,24.3,45339.00
GA-09,19.3,77.8,20.5,78.1,24.3,74.7,20.5,79.5,0,100,19.3,80.7,86,6.8,4.8,1,0.2,1.2,82.6,6.3,9,1.1,0.2,0.8,82.2,22.8,25.3,53505.00
GA-10,35.8,61.3,36.3,62.5,38.8,60.4,37.1,62.9,0,100,33.5,66.5,68.8,24.9,3.2,1.6,0.1,1.2,69.2,23.6,4,2,0.2,1,86.3,26,29.9,54034.00
GA-11,35.3,60.3,31.5,66.9,34.7,64.3,38.2,61.8,32.6,67.4,0,100,74.1,16.4,5.6,2.3,0.1,1.4,71.5,14.6,9.4,2.8,0.2,1.4,90.7,41.3,43.7,73492.00
GA-12,40.7,56.9,43.6,55.4,43.9,55.6,40.5,59.5,38.4,61.6,45.2,54.8,59.1,34.5,3.7,1.3,0.2,1.1,60,32.5,4.5,1.7,0.2,1.1,83.8,21.1,24.5,44547.00
GA-13,71,26.6,69.2,30,67.1,32.3,76.2,23.8,100,0,100,0,30.7,59.8,5.5,2.3,0.1,1.6,34.7,52.4,8.6,2.6,0.2,1.4,88.6,28.9,27.1,57839.00
GA-14,22.1,75,25.3,73.2,27.8,71,23.5,76.5,0,100,0,100,84,8.9,5,0.8,0.2,1.2,82,7.8,8.1,0.9,0.2,0.9,80.6,17.7,18.3,50353.00
HI-01,63.1,30.5,69.7,29,70.3,28.3,73.1,23.1,71.9,22.7,51.9,48.1,18.6,2.3,7.5,55.9,0.1,15.6,18.3,1.8,5.7,61,0.2,13.1,91.1,35.4,50,81842.00
HI-02,61.4,29.6,71.4,26.7,73.4,24.9,77.4,22.6,81.2,18.8,78.7,18.6,33.3,1.7,9.4,35.9,0.2,19.5,33,1.2,8.7,38,0.3,18.8,92.6,29.4,43.4,74621.00
ID-01,25.4,63.7,32.2,64.9,35.1,62.5,30.8,62.8,31.8,68.2,35,65,88.7,0.4,7,1.1,1.2,1.6,87.9,0.4,7.9,1.2,1.2,1.4,90.7,25.2,26.5,53779.00
ID-02,29.8,54.5,33.1,64.1,37.1,60.5,39.3,60.7,29.4,62.9,38.6,61.4,87.3,0.7,8.4,1.1,1.1,1.5,85.4,0.6,10.1,1.6,1.1,1.2,90.4,28.9,31.4,52323.00
IL-01,75.4,21.4,78.9,20.2,80.9,18.6,73.5,19.8,74.1,25.9,73.1,26.9,37.5,53.1,6.9,1.3,0.1,1.1,37.4,52.1,7.4,2,0.1,1,89.3,28.5,36.8,52946.00
IL-02,78,19.1,80.7,18.5,81.1,18.3,81.1,18.9,79.8,20.2,78.5,21.4,31.5,57.7,9.1,0.6,0.1,1,33.4,53.5,11.1,0.7,0.2,1.1,87.9,22.6,25.4,49393.00
IL-03,55.2,39.9,55.9,42.6,58.4,40.5,73,25.9,100,0,64.6,35.4,66.5,5.5,23.5,3.7,0.1,0.7,66.4,4.6,24.4,3.7,0.1,0.8,85.8,27.7,32.8,66819.00
IL-04,82.1,13.2,80.9,17.1,80.5,18.2,86.6,13.4,100,0,78.1,21.9,33.1,4.7,56.7,4.2,0.2,1.1,26.2,3.9,65.8,3.1,0.1,0.8,72.7,24.1,49.9,52265.00
IL-05,70.5,23.9,66,31.8,69.9,28.8,76.7,23.3,67.8,27.5,63.2,30.6,73.6,3,15.3,6.5,0.1,1.6,73.3,2.5,16.1,6.7,0.1,1.3,91.9,54.5,60.5,82907.00
IL-06,50.2,43.2,45.1,53.3,51.3,47.3,53.6,46.4,40.8,59.2,32.9,67.1,82.3,2.5,6.4,7.7,0.1,0.9,81.6,2.3,7.4,7.7,0.1,0.9,94.8,52.3,53.6,100088.00
IL-07,87.4,9.2,87.2,11.8,89.4,9.9,87.6,12.4,84.2,15.8,85.1,14.9,33.3,49.4,10.5,5.5,0.1,1.2,30.4,50,11.5,6.7,0.1,1.3,86.2,41.8,75,56880.00
IL-08,58.1,36.4,57.4,40.9,61.5,37.1,66,34,58.3,41.7,55.7,44.3,65.7,4.8,16.9,11.3,0.1,1.1,60.6,4,22.1,12,0.1,1.1,85.9,33.6,35.6,70952.00
IL-09,70.1,24.9,65,33.3,68.6,30.3,73.5,26.5,66.5,33.5,66.1,33.9,71,8.5,8.2,10.5,0.1,1.7,68,8.5,9.6,12.1,0.1,1.7,91.6,53.7,59.5,72003.00
IL-10,62,32.6,57.5,41.1,63,35.9,65.6,34.4,52.6,47.4,48.7,51.3,69.5,7.3,13.3,8.4,0.2,1.4,64.9,6.3,18.1,9.3,0.1,1.3,89.4,45.1,52.5,81290.00
IL-11,58.9,35.4,57.8,40.6,61.8,37.7,63.8,36.2,60.4,39.6,53.5,46.5,62.7,12.4,17.2,6.2,0.1,1.4,59.8,10.4,21.8,6.8,0.1,1,86.6,35.2,41.5,75202.00
IL-12,40.2,55,49.7,48.1,54.7,43.6,45.4,51.6,39.7,54.3,41.9,52.5,79.4,16.1,2.3,0.8,0.2,1.2,79.7,15.5,2.4,1.1,0.2,1,89.5,22.8,24,49322.00
IL-13,44.2,49.7,48.6,48.9,54.6,43.6,49.6,50.4,40.3,59.7,41.3,58.7,83.4,10.3,2.5,2,0.2,1.6,83.5,9.1,2.5,3.5,0.2,1.2,91.9,30.4,30.2,51647.00
IL-14,44.8,48.7,44.2,54.2,50,47.6,52.5,47.5,40.7,59.3,34.6,65.4,84.3,3,8.1,3.6,0.1,0.9,83.5,2.4,9.4,3.8,0.1,0.8,93.6,40.8,42,93276.00
IL-15,24.5,70.7,34.1,63.9,42.8,55.4,29.1,70.9,0,100,25.1,74.9,92.5,4.2,1.8,0.5,0.2,0.8,92.8,3.9,1.9,0.5,0.2,0.7,89.5,19.6,20,52661.00
IL-16,38.3,55.5,45.2,52.9,50.1,48.2,40.9,59.1,0,99.9,29.4,70.6,88.2,3.6,5.9,1.1,0.2,1.1,88,3.2,6.5,1.4,0.2,0.7,90.5,22.4,22.9,60203.00
IL-17,46.7,47.4,57.6,40.6,60,38.5,62.1,37.9,60.3,39.7,55.5,44.5,81.9,10.3,5.6,0.7,0.2,1.2,81.7,9.6,6.4,1,0.2,1.1,87.9,19.1,20.6,48304.00
IL-18,33.3,60.6,37.4,60.7,44.1,54.4,32.8,67.2,27.9,72.1,25.3,74.7,92.1,3.6,1.9,1.3,0.2,0.9,91.7,3.4,1.9,2,0.2,0.8,93.7,32.6,32,64372.00
IN-01,54.1,41.5,61.2,37.4,63.3,35.8,65.1,34.9,81.5,0,60.8,35.8,67.6,18,12.1,1,0.2,1.1,67.8,18.2,11.7,1.2,0.2,0.9,89.2,23.1,26.1,56590.00
IN-02,36.1,59.3,42.1,56.1,49.6,49.3,45.2,54.8,36.9,59.3,38.3,58.9,86.3,6.3,4.9,0.9,0.3,1.3,85.2,6,6.3,1.1,0.3,1,85.7,21.8,23.1,52651.00
IN-03,30.1,65.1,35.7,62.5,43,56,35.3,64.7,23,70.1,26.7,65.8,88.2,5.6,3.4,1.2,0.2,1.4,87.8,5.4,4.2,1.4,0.3,0.9,87.7,23,23.9,54265.00
IN-04,30.2,64.3,36.9,60.9,44.6,54.2,35.9,64.1,30.5,64.6,33.1,66.9,90.8,3.7,2.9,1.4,0.3,1,89.5,2.9,4.1,2.4,0.2,0.9,90.1,26.3,26.2,57622.00
IN-05,41.3,53.1,40.7,57.5,46.6,52.6,43.2,56.8,34.3,61.5,30.8,65.2,85.5,8.2,2.6,2.2,0.1,1.3,85,7.8,3.4,2.6,0.2,1,93.5,45.4,46.3,69954.00
IN-06,27.4,67.7,37.3,60.4,43.6,55,32.9,63.8,26.7,69.1,29.3,65.9,94.3,2.6,1.5,0.6,0.2,0.9,93.9,2.4,1.8,0.9,0.2,0.8,89,21.2,20.5,52883.00
IN-07,59,36.2,62.9,35.3,66.3,32.8,64.9,35.1,60,35.7,54.7,41.8,62.5,29.7,4.2,1.4,0.2,1.9,61.5,26.7,8.1,1.9,0.3,1.4,83.1,23.5,28.2,42628.00
IN-08,30.9,64.6,39.6,58.4,48.1,50.6,35.6,64.4,31.7,63.7,35.8,60.3,92.7,4,1.2,0.7,0.1,1.2,92.7,3.9,1.6,0.8,0.2,0.8,88.8,20.9,21.1,50952.00
IN-09,34.2,61.1,40.7,57.2,46.2,52.7,43.5,56.5,40.5,54.1,33.7,62.2,92.7,2.7,1.9,1.2,0.2,1.2,92.1,2.4,2.3,1.9,0.2,1,89.6,26.5,26,55768.00
IA-01,45.2,48.7,56.2,42.5,58.5,40.4,51,45.9,46.1,53.7,48.8,51.1,92.6,3.1,2.1,1,0.3,0.9,92.6,2.7,2.5,1.1,0.3,0.7,92.5,26.7,27.1,58994.00
IA-02,45,49.1,55.8,42.7,57.1,41.6,54.8,42.6,53.7,46.2,52.5,47.4,90.5,3.2,3.6,1.2,0.2,1.2,90.3,2.8,3.8,2,0.2,0.9,92.1,28.2,28.4,54964.00
IA-03,45,48.5,51.4,47.2,52.4,46.3,49.3,47.1,39.7,53.4,42.2,52.8,89.8,3.4,3.6,1.8,0.2,1.2,88.6,3.3,4.7,2.3,0.2,0.9,91.9,32.9,34.5,64818.00
IA-04,33.5,60.9,45.3,53.4,48.5,50.2,47,50.3,38.6,61.2,38.3,61.6,92.9,1.3,3.4,1.1,0.5,0.8,92.1,1,4.3,1.6,0.3,0.6,91.5,24.5,25,54944.00
KS-01,24.3,69.3,27.6,70.1,31,67.2,31.9,68.1,0,65.9,32,68,84.9,3,8.9,1.1,0.6,1.5,83,2.7,11.1,1.6,0.4,1.1,88.2,24.7,27.3,50947.00
KS-02,37.4,55.8,42.2,55.4,45.3,52.8,46.8,47.6,32.6,60.9,38.6,57,86.3,4.5,4.6,0.9,1.2,2.4,86.5,4.5,4.4,1.4,1.5,1.8,92.2,29,30,53367.00
KS-03,47.2,46,44.3,53.8,48.8,49.9,53.6,43.9,40.6,51.3,39.9,60,80.8,8.3,5.9,3,0.3,1.8,76.8,8.4,9.4,3.7,0.4,1.4,92.4,47.2,52.5,74412.00
KS-04,33,60.2,36.1,61.6,39.5,58.6,40.7,59.3,29.6,60.7,33.3,66.7,80.6,6.4,7.4,2.6,0.8,2.1,79.3,6.4,8.6,3.1,0.9,1.7,89.9,29.2,31.7,54768.00
KY-01,23.9,72.4,32.1,66.4,36.9,61.6,31.4,68.6,27.3,72.6,26.9,73.1,89.9,6.8,1.7,0.4,0.2,0.9,89.9,6.5,2,0.5,0.2,0,84.3,16.6,16.9,42114.00
KY-02,27.6,67.5,35.1,63.3,37.2,61.5,31.1,66.7,0,100,30.8,69.2,90.4,5.3,1.8,0.8,0.3,1.4,90.3,5.2,2.3,1.1,0.3,0,86.6,20.2,20.3,50611.00
KY-03,54.9,39.9,55.7,42.8,56.2,42.8,62.1,36.6,63.5,36.5,63.5,35.6,73.7,20.6,2.4,1.7,0.2,1.5,73.5,19.2,3.8,2.1,0.2,0.1,89.8,31.9,35.6,53348.00
KY-04,29.3,65.2,34.8,63.4,37,61.5,34.6,62.2,28.7,71.3,32.3,67.7,93.1,3.3,1.6,0.7,0.1,1.2,92.5,3.1,2.3,1,0.2,0.1,89.2,27.8,28,61835.00
KY-05,17.5,79.6,23.2,75,31.6,66.6,21,78.9,0,100,21.7,78.3,96.6,1.5,0.7,0.2,0.3,0.7,96.5,1.4,0.9,0.3,0.2,0,76.1,13,13,32884.00
KY-06,39.4,54.7,42.2,55.8,44.8,53.7,47.8,51,38.9,61.1,40,60,87.3,8.3,1.7,1,0.2,1.5,85.3,8.1,3.7,1.7,0.2,0.1,87.6,31.3,32.3,52340.00
LA-01,26.7,68.7,26.9,70.9,25.3,72.7,26.6,71.5,19.5,74.6,18.9,77.6,77.3,13.3,5.4,1.7,1.1,1.3,76.6,11.7,7.3,2,1.2,1.2,87.6,30.5,33.5,59050.00
LA-02,74.6,22.2,75.8,22.8,73.4,25.4,80.6,0,100,0,85.8,0,31.7,61.4,3.7,1.9,0.2,1.1,31.8,58.5,5.8,2.6,0.3,1.1,82.4,23.3,36.3,39372.00
LA-03,29.2,67.3,32.3,66.1,34.1,64.2,30.4,68.4,17.5,80.7,0,88,71.6,23.8,2.2,1,0.4,1.1,71.5,22.8,2.8,1.3,0.4,1.1,83.8,21.3,24.4,48996.00
LA-04,36.6,60.6,39.7,59,39.9,58.9,33.6,64.2,28.2,69.8,0,73.4,61.5,33.2,2.6,0.8,0.8,1.1,62.2,32.1,2.8,1,0.8,1.2,85.1,19.7,22.8,41366.00
LA-05,34.1,63.5,37.7,61,36.7,62,30,66.5,0,100,35.8,64.2,62.8,34.1,1.4,0.5,0.4,0.8,63,33.2,1.9,0.7,0.4,0.8,81.4,17.7,20.9,38462.00
LA-06,31,64.8,32,66.1,30.9,67.5,28.6,69.5,23.9,72.8,37.6,62.4,71.8,22.7,2.4,1.5,0.4,1.1,71.9,21.1,3.6,2,0.4,0.9,88.4,29.2,31.3,62778.00
ME-01,54.1,39.3,59.6,38.2,60.7,37.5,58.8,32.5,58,41.9,60.4,30.7,95,0.8,1.4,1.1,0.3,1.3,95.1,1,1.2,1.3,0.3,1.1,93.8,37.8,38.1,63935.00
ME-02,41.1,51.4,53,44.4,54.6,43.4,50.6,49.4,45.2,54.8,41.8,47,95.8,0.5,1,0.4,0.8,1.5,96,0.7,0.8,0.6,0.8,1,90.7,23.7,23.7,48215.00
MD-01,33.4,62,37.7,60.4,38.4,59.6,38.1,60,28.6,67,29.5,70.4,83.5,11.5,2.1,1.7,0.2,1.2,83.2,11.1,2.8,1.8,0.2,1,90.4,31.2,32.6,73980.00
MD-02,60.1,35.7,63.1,35,60.6,37.5,66,30.7,62.1,33.1,61.3,35.9,57.2,32.9,3.8,3.9,0.2,1.9,58.8,29.9,4.7,4.6,0.3,1.7,89.1,32.2,32.3,69242.00
MD-03,62.8,32.3,60.7,37.1,60.1,38,69.1,28.3,63.2,33.9,59.5,40.3,66.2,20.8,4.9,5.9,0.2,1.9,66.2,18.7,6.8,6.4,0.2,1.7,91.6,48.1,52.8,88161.00
MD-04,77.2,19.7,78.1,20.8,77.3,21.8,78.1,19.9,74.1,21.4,70.2,28.3,30.9,58,6.4,2.8,0.2,1.7,28.8,53.6,12.5,3.3,0.2,1.6,87.1,33.7,48.3,82585.00
MD-05,64.1,32.1,66.1,32.4,65.1,33.6,70.3,27.1,67.4,29.4,64,35.7,49.9,39.3,4.6,3.4,0.3,2.5,52,35.3,6.3,4.1,0.4,1.9,91.4,35.2,36.9,98488.00
MD-06,55.3,40.2,55.2,42.8,56.3,42,59,38,56,40.1,49.7,48.2,68.1,12.8,8.1,9,0.2,1.9,66.4,11.8,10.1,10,0.2,1.7,90.3,42.1,42,79984.00
MD-07,75.8,20.2,76.2,22.3,76.2,22.4,76.4,21.3,74.9,21.8,69.9,27,36.6,54,2.4,5,0.3,1.7,36.1,53.4,2.9,5.8,0.2,1.6,88.7,38.3,58.8,62550.00
MD-08,65,30.6,62,36,62.8,35.6,68.2,30.2,60.6,34.2,60.7,39,69.6,11.7,8.4,8.3,0.2,1.8,65.5,11.4,12.4,8.8,0.2,1.7,91.6,55.3,61.2,103768.00
MA-01,57.2,36.5,64,34.3,64.1,33.7,97.6,0,73.3,0,98,0,77.6,5.1,14.5,1.5,0.1,1.1,79.8,5.2,12,1.7,0.2,1.2,87.8,29.8,33.3,56757.00
MA-02,56.2,36.8,58.7,39.2,60.2,37.3,67.2,32.8,98.2,0,98.2,0,83.8,3.6,7.6,3.6,0.2,1.2,83.4,3.5,6.9,4.4,0.2,1.6,91.1,38.6,39.9,68685.00
MA-03,58.2,35.4,56.9,41.4,58.8,39.4,62,33.5,68.7,31.2,63,36.9,75.6,2.5,14.5,6.2,0.1,1.1,75.2,2.6,14,6.4,0.1,1.7,88.4,37.7,42,77597.00
MA-04,59.2,35,57.2,41.3,60.7,38.1,97.7,0,70.1,29.8,97.9,0,88.3,2.5,3.7,4.3,0,1.2,88.2,2.1,3,5,0.1,1.5,93.2,50.9,50.4,99343.00
MA-05,69.3,25.7,65.2,33.1,66.2,32.1,75.9,24,98.6,0,98.3,0,80.5,4.2,6.2,7.5,0.1,1.5,77.1,4.5,6.5,9,0.1,2.8,93.5,57.3,59.1,94843.00
MA-06,56.1,38.2,54.7,43.9,56.9,41.4,65.2,31.4,98.4,0,55,41.1,87.9,2.4,5.6,3.1,0.1,0.9,87.1,2.3,6,3.4,0.1,1.1,92.6,44.4,46.3,87696.00
MA-07,84.1,11.9,82.5,15.6,81.9,16.7,98.3,0,98.6,0,98.3,0,51.5,23.2,15.1,8,0.2,2,48.8,20.5,16.7,9.8,0.2,4,84.8,44.3,64.4,63501.00
MA-08,60.4,34.4,57.8,40.8,57.9,40.5,98.4,0,72.4,27.5,98.7,0,80.1,8.2,4.5,5.8,0.2,1.2,79,6.9,4.3,6.5,0.2,3.2,92.2,46.9,49.9,88174.00
MA-09,52.5,41.8,55.5,43.1,57.8,40.6,59.4,40.6,55.7,33.6,54.9,45,91.3,2.5,3.5,1.1,0.2,1.4,90.2,2.1,3.4,1,0.3,2.9,90.2,35.1,36.8,70248.00
MI-01,36.6,57.9,45.3,53.6,49.7,48.4,43.7,56.3,40.1,54.9,45.3,52.1,92.7,1.6,1.3,0.4,2.2,1.8,93.2,1.5,1.1,0.5,2.4,1.2,92.4,25.4,26.2,49063.00
MI-02,38.2,55.8,43.1,56,48,50.3,43,55.3,32.5,62.6,33.3,63.6,84.8,5.9,5.7,1.6,0.5,1.6,84.1,5.9,6.4,2,0.5,1.1,90.2,26,28,55642.00
MI-03,42.2,51.6,45.8,53.1,49.7,48.6,43.2,54.4,37.5,59.5,39,57.9,85.1,7.8,4,1.2,0.3,1.6,83.7,7.8,5.5,1.4,0.4,1.2,91.2,31.3,33.4,58815.00
MI-04,34.7,59.5,45.5,53.5,49.6,48.6,37.4,62.6,32.1,61.6,39.1,56.5,93.2,1.9,2.5,0.5,0.6,1.2,93.5,1.9,2.1,0.9,0.7,0.9,90.9,21.6,21.5,50279.00
MI-05,49.7,45.5,60.7,38.3,63,35.3,59.5,35.9,61.2,35.1,66.7,31.2,77.2,16.1,3.9,0.7,0.3,1.7,77.7,16.1,3.6,0.8,0.4,1.3,89.6,19.6,20.9,45375.00
MI-06,42.9,51.3,48.8,50.2,53.1,45.2,45.7,50.2,36.4,58.6,40.4,55.9,85.6,7.5,3.6,1,0.3,2,85.1,7.6,4.1,1.3,0.5,1.4,90.5,28,28.9,53400.00
MI-07,38.7,55.7,47.9,51,50.8,47.4,46.2,53.8,40,55.1,41.2,53.5,90.3,4.1,3.3,0.6,0.3,1.3,90.6,4.1,3.1,0.9,0.3,1.1,91.8,24.2,24.5,59123.00
MI-08,43.9,50.6,48,51.1,52,46.4,50.6,46.8,39.2,56,42.1,54.6,86.5,5.2,3.8,2.6,0.2,1.7,85.7,5.2,3.7,3.7,0.4,1.3,94.5,40.5,40.2,70437.00
MI-09,51.5,43.7,57.2,41.9,58.1,40.1,59.7,36.8,57.9,37.4,60.4,36.1,80.4,12.7,1.9,3.2,0.3,1.5,83.6,9.7,1.7,3.3,0.3,1.5,89.8,30.1,30.7,57774.00
MI-10,31.6,63.8,43.7,55.3,48,50,35,60.3,32.3,63.1,29.4,68.7,92.2,2.9,2.2,1.3,0.2,1.2,92.7,2.5,2.3,1.3,0.3,0.9,91.1,23.4,23.1,63571.00
MI-11,45.3,49.7,46.9,52.3,50.1,48.2,51.8,45.2,40.2,52.9,40.5,55.9,85.2,5.3,2.1,5.7,0.2,1.4,84.3,4.8,2.6,7,0.2,1.2,94.8,47.4,45,83052.00
MI-12,60.8,34.5,66.2,32.8,66.9,31.4,68.1,28.9,64.3,29.3,65,31.3,79.1,10.4,4.5,3.6,0.2,2.2,78.8,9.7,4.4,4.9,0.4,1.8,90.1,34.7,33.9,58454.00
MI-13,78.8,18.1,85.2,14.3,84.8,14.2,84.2,0,77.1,15.7,79.5,16.3,37,56.2,4,0.9,0.4,1.5,37.4,53.8,5.6,1.2,0.3,1.7,82.2,15.4,18.6,34693.00
MI-14,79.2,18.3,81,18.6,82.2,17.1,80.9,17.3,78.5,18.7,77.8,19.7,33.4,58.4,2.9,3,0.2,2,33.6,57.3,3.5,3.7,0.2,1.7,87,30.9,47.5,45921.00
MN-01,38.4,53.3,49.6,48.2,50.8,46.7,49.7,50.1,50.3,49.6,54.2,45.7,92.1,2.1,3,1.7,0.3,0.8,90.9,1.9,4.2,2.1,0.2,0.7,91.9,28.5,29.4,61735.00
MN-02,45.3,46.5,49.1,49,50.5,47.6,52.7,47.1,45.2,47,38.9,56,87.6,3.6,3.3,3.7,0.4,1.4,87.1,3,4.3,4,0.4,1.1,94.8,38.9,40.4,83585.00
MN-03,50.8,41.4,49.6,48.8,51,47.4,55.6,44.2,43,56.7,37.8,62.1,86,5.2,2.1,5.1,0.2,1.4,84.3,5.4,3,5.8,0.3,1.2,95.5,49.3,51.5,88852.00
MN-04,61.5,30.6,62.5,35.5,62.6,35.5,66,29.7,57.8,34.4,61.2,32.9,77,8.1,4,8.2,0.5,2.1,76.3,7.9,5.1,8.5,0.6,1.6,91.5,43.4,49.1,68928.00
MN-05,73.7,18.5,73.5,24,73.4,24.5,78,21.7,69.1,22.3,70.8,24,74.8,13.4,3.7,4.4,1,2.7,71,12.9,7.5,5.3,1.1,2.2,90.9,45.8,54.5,61851.00
MN-06,33.2,58.9,41.5,56.5,43.2,54.7,38.7,61.1,34.3,65.6,38.4,56.3,92.9,1.9,1.7,1.9,0.4,1.2,92.9,1.8,1.8,2.2,0.4,0.9,94.5,30.2,30.5,79860.00
MN-07,31,61.8,44.1,53.9,47.1,50.4,52.1,47.8,52.5,47.4,54.2,45.7,92.8,0.8,2.4,0.5,2.3,1.1,92.9,0.6,2.7,0.7,2.2,0.8,91.5,22.1,22.9,57094.00
MN-08,38.6,54.2,51.7,46.2,53.1,44.5,45.2,50.7,50.2,49.6,48.5,47.1,93.7,0.9,1.2,0.6,2.2,1.4,94.3,0.8,1,0.6,2.3,1.1,93,23.3,23.7,55943.00
MS-01,32.4,65.4,37,61.9,36.6,62.4,32.4,66.9,27.9,68.7,28.9,67.9,70,27.1,1.6,0.5,0.2,0.7,71.5,24.5,2.5,0.7,0.2,0.6,83.3,20.5,23,46694.00
MS-02,63.6,35.1,66.4,33,64.2,35.2,71.8,0,67.1,29.1,67.7,0,33.5,64.3,1.2,0.3,0.3,0.4,35.7,61.1,1.8,0.5,0.3,0.5,80.5,19.1,25.4,35601.00
MS-03,36.8,61.3,39.1,60,38.4,60.8,36.7,62.3,30.4,66.2,27.9,68.9,62.2,34.7,1.1,0.7,0.8,0.5,63.3,32.3,2.2,0.9,0.8,0.6,85.6,26,31,46349.00
MS-04,28.2,69.4,31.2,67.6,31.1,67.9,30.7,68.2,27.8,65,24.3,69.9,72.3,22.5,2.5,1.1,0.4,1.1,72.9,20.9,3.4,1.5,0.4,1,86,21.5,23.5,46127.00
MO-01,77,18.8,79.9,18.9,80.3,18.6,80.1,16.7,75.5,20,73,21.6,46.2,48.2,2,1.8,0.2,1.7,47.3,45.5,2.7,2.8,0.2,1.5,88.7,31.9,43.8,45385.00
MO-02,42.3,52.6,41.4,57.1,46.4,52.6,47.2,51.2,37.7,58.5,32.6,64.1,90.6,3.7,1.6,3,0.1,1,90.2,3.1,2,3.7,0.1,0.9,95.1,48.8,48.4,82172.00
MO-03,28.1,67.1,36.1,62,42.8,55.8,32.8,65.1,27.9,67.8,27.1,68.3,93,3.2,1.6,0.6,0.3,1.2,93.2,3.1,1.7,0.9,0.3,0.9,90.4,26,25.8,63382.00
MO-04,29.3,65.3,36.4,61.2,41.9,56.5,32.7,64.8,27.8,67.8,26.4,68.1,89.4,4.6,2.7,1,0.5,1.7,89.7,4.3,2.6,1.5,0.5,1.4,89.1,25.1,25,50178.00
MO-05,54.1,40.6,58.9,39.4,62,36.8,61.7,35.6,58.8,38.2,51.6,45,70.2,21.1,5.1,1.5,0.4,1.7,69,20.2,6.8,1.8,0.4,1.6,89.5,27.9,32.3,50328.00
MO-06,31.7,63.1,37.9,60,43.1,55.3,32,65.4,28.4,68,29.5,66.7,90.5,4.1,2.9,0.9,0.4,1.3,91.2,3.6,2.7,1.2,0.3,1,91.2,27.9,28.2,59931.00
MO-07,24.7,70.4,30.3,67.6,35.3,63.1,30.1,66.2,27.4,67.5,28.8,63.5,92,1.7,2.6,0.9,0.9,1.8,91.5,1.5,3.3,1.2,0.9,1.5,88.6,24.1,24.5,46211.00
MO-08,21,75.4,32,65.9,38.3,60,25,73.4,22.7,74.4,24.3,66.7,92.3,4.3,1.4,0.3,0.5,1.2,92.6,4.1,1.3,0.6,0.4,1,83.3,16.1,16.3,41701.00
MT-AL,35.9,56.5,41.7,55.4,47.2,49.6,46.2,50.9,40.5,56.2,40.4,55.4,89.1,0.4,2.8,0.6,5.2,1.8,90,0.3,2.3,0.7,5.1,1.6,93.2,31.2,32.5,52559.00
NE-01,36.2,57.5,40.8,57.5,44,54.1,39.6,60.4,30.5,69.5,31.2,68.8,88.6,2.6,4.9,1.7,0.9,1.3,87.9,2.3,5.8,2.1,0.9,1,92.2,31.5,32.9,59534.00
NE-02,46,48.2,45.7,52.8,49.8,48.6,49,51,47.7,48.9,49,45.7,81.6,9.1,5.8,1.6,0.4,1.6,78.3,9.2,8.2,2.5,0.4,1.3,91.1,39.8,44.3,65816.00
NE-03,20,74.9,27.8,70.2,31,66.9,23.3,76.7,0,100,24.6,75.4,90.4,0.9,6.4,0.5,0.7,0.9,89.7,0.7,7.6,0.7,0.7,0.6,89.9,22.2,23.7,53115.00
NV-01,61.6,32.6,65.6,32.4,64.5,33,66.2,30.9,61.9,28.8,56.8,37.9,45,13.2,29.1,9.3,0.7,2.7,42.3,9.5,36.5,9,0.5,2.2,77.2,15.4,21.5,40489.00
NV-02,39.7,52,44.8,52.9,49.4,48.2,41.8,58.2,36.9,58.3,27.9,65.7,76.1,1.9,14.1,3.8,2.1,1.9,73.8,1.7,16.6,4.3,1.8,1.8,88.3,26.6,30.4,61259.00
NV-03,46.5,47.5,49.5,48.7,53.5,44.6,51.9,42.8,47.2,46,36.1,60.8,62.8,6.9,14,12.7,0.4,3.2,64.4,5.9,13.5,13.1,0.4,2.7,92.8,32.4,34.2,70660.00
NV-04,49.5,44.6,54.4,43.7,56.4,41.4,51.9,43.7,48.5,44.5,45.8,48.5,55,15.7,19.1,6.4,0.9,2.9,54.7,13.2,23,6,0.8,2.3,85.4,21,25.7,58618.00
NH-01,46.6,48.2,50.2,48.6,52.8,46.4,53.6,45,45.8,44.4,48.1,51.7,93.7,1.1,2.4,1.4,0.1,1.3,93.7,1,2.2,1.9,0.2,1,93,37.2,37.2,75028.00
NH-02,48.6,46.2,54.2,44.5,56,43.1,55.5,42.2,49.8,45.4,54.9,44.9,93.3,1,2.7,1.6,0.2,1.2,93.5,0.8,2.2,2.2,0.2,1.1,92.8,35.8,35.5,73039.00
NJ-01,60.6,36.1,65.1,33.8,64.7,34.2,64.4,33.3,60,36.8,57.4,39.4,68.4,16.5,9.6,4.1,0.1,1.3,68.9,15.4,9.9,4.5,0.2,1.2,89.8,31.3,34,70270.00
NJ-02,46,50.6,53.5,45.4,53.2,45.5,52.9,45.2,37.2,59.2,37.3,61.5,73,11.9,10.3,3,0.3,1.4,71,11.8,12.2,3.5,0.3,1.2,86.9,26.1,30.5,63862.00
NJ-03,45.2,51.4,51.8,47.2,51.1,47.7,50,48.7,38.9,59.3,44.4,54,79.4,10.1,5.9,2.8,0,1.7,80,9.8,5.6,3.2,0.1,1.4,93.1,33.9,34.5,79880.00
NJ-04,41,55.8,44.7,54.2,45.3,53.6,43.1,55.4,33.5,63.7,31.1,68,82.7,6.2,6.5,3.7,0,0.8,80.5,6.2,8.5,3.8,0.1,0.9,92.4,40.3,42.7,83372.00
NJ-05,47.7,48.8,47.9,50.9,48.5,50.5,56.2,42.5,51.1,46.7,43.3,55.4,75.5,4.6,10.9,8,0.2,0.8,75.4,4.4,10.1,8.8,0.1,1.1,93.5,47.3,47.4,102923.00
NJ-06,56.2,40.6,61.4,37.4,58.4,40.5,63.6,36.4,63.7,34.9,59.9,38.9,57.9,10.9,16.1,14,0.1,1,55.2,9,17.6,16.5,0.1,1.7,88.9,39.4,38.7,82747.00
NJ-07,48.6,47.5,46.3,52.5,47.2,51.6,51.7,46.7,43.1,54.1,38.8,59.3,78.4,4.8,8.2,7.6,0.1,0.9,77.4,3.9,10,7.8,0.1,0.9,94.3,53.2,54.5,113685.00
NJ-08,75.7,21.5,78.3,20.8,73.2,26,78.1,18.7,77,18.5,77.4,19,34.6,10.4,47.3,6.5,0.1,1.1,30.4,8.6,50.3,8.6,0.1,2,79.5,32.8,50.5,59973.00
NJ-09,64.3,33.1,68.4,30.8,64,35.2,70.3,28.9,69.7,28,68.5,30.1,46.6,10.9,30.9,10.6,0.1,1,45.6,9.5,31.2,12.2,0.1,1.4,85.5,33.6,39.2,67471.00
NJ-10,85.2,12.8,87.9,11.5,84.9,14.6,87.6,10.1,85.7,11.9,85.4,12.6,23,54,16,5.7,0.2,1.1,23.8,50.1,16.8,6.9,0.2,2.3,86,29.2,46.3,52967.00
NJ-11,47.9,48.8,46.6,52.4,47,52.1,56.8,42.1,38.9,58,37.4,62.6,79.2,3.6,8.6,7.6,0.1,0.9,79,3.4,8,8.5,0.1,1.1,94.8,54.1,54.4,111802.00
NJ-12,65,31.8,66.5,32.4,65.7,33.3,68.7,31.3,62.9,32,61,36.5,57.4,18.3,11,12.2,0.1,1,53.9,16.7,14.3,13.5,0.1,1.5,89.9,45.2,48.8,86660.00
NM-01,51.6,35.1,55.3,39.6,59.7,39,59.1,36.3,65.1,34.9,58.6,41.4,46.9,2.5,43.2,1.9,4,1.4,46.9,2.4,43.5,2.2,3.5,1.5,88.2,33,47.2,50680.00
NM-02,39.9,50.1,44.9,51.7,48.4,50.2,50.9,49.1,37.2,62.7,35.5,64.4,44.3,1.9,47.1,0.6,5.2,0.9,45.3,1.6,46.9,0.8,4.3,1.1,80.8,20.6,30.7,42957.00
NM-03,51.8,36.7,57.5,38.7,61.2,37.5,63.4,31.2,62.4,37.6,61.5,38.4,42.6,1.4,36.4,0.9,17.5,1.2,43.7,1.3,36.4,1.2,16.1,1.3,86.5,27.3,42.6,50407.00
NY-01,42.2,54.5,49.6,49.1,51.4,47.6,47.4,51.5,41,58.9,45.5,54.4,81.9,4.7,9.4,2.9,0.2,0.8,80,4.3,11.2,3.3,0.2,1,92.1,35.7,37.7,93892.00
NY-02,43.9,53,51.6,47.2,51.3,47.9,46.9,53.1,37.5,62.4,30,68.3,70.7,9.4,16,2.8,0.1,1,68.8,8.5,18.5,2.9,0.1,1.1,88.6,30.9,35.2,98595.00
NY-03,51.6,45.5,50.8,48.2,53.5,45.7,59,41,52.8,47.2,54.8,45.2,75.4,3,7.6,13,0.1,0.8,73.9,2.9,9,12.7,0.1,1.4,92.9,52.7,55.1,113428.00
NY-04,53.4,43.8,56.3,42.8,55.3,43.9,61.3,38.7,59.5,40.4,52.8,47.1,64.9,14.7,13.3,6,0.1,1,63.2,13.5,16.5,5.4,0.1,1.3,89.7,42.3,49.4,105685.00
NY-05,85.7,12.7,90.6,9.1,86.1,13.6,99.4,0,85.4,13,94.9,0,13.6,53.2,16.5,14.6,0.5,1.7,13.1,50.1,17.9,11.4,0.5,7.1,81.7,25.6,37.4,69886.00
NY-06,65.1,32.1,67.8,31,63.4,35.7,90.5,0,72.1,26.7,98.9,0,42.9,4.4,18.5,32.4,0.3,1.5,39.7,3.7,17.4,37.1,0.1,2,83.8,36.2,42.8,64428.00
NY-07,86.9,10.4,88.3,10.3,84.4,14.9,93.3,0,90.7,9.2,88.7,9,36.2,10.2,36.4,15.7,0.2,1.3,28.6,8.4,41.3,19.5,0.2,2,72.8,33.8,61.7,55497.00
NY-08,84.6,13.5,89.3,10.1,86,13.6,94.2,0,93.2,0,92,0,27.4,51.1,15.5,4.5,0.1,1.4,24.5,51.5,16.9,4.7,0.2,2.2,84.2,32.5,53.5,52077.00
NY-09,83.5,14.4,85.3,13.8,84.1,15.4,89.2,10.3,92.3,0,89.3,0,35.2,47.1,9.9,6.1,0.1,1.5,31.2,50.2,10.6,5.9,0.2,2,85.9,38,62.6,56823.00
NY-10,78.3,18.8,73.6,25,75.7,23.4,82.1,17.8,78,21.9,87.4,0,67.8,4.1,11,15.4,0.1,1.6,65.5,4,11.9,16.8,0.1,1.8,88,60.8,70.6,90440.00
NY-11,43.8,53.6,51.6,47.3,48.3,50.9,53,46.5,36.7,61.5,42.1,54.8,66.1,6.8,13.8,12.1,0.2,1.1,66.8,6.3,13.9,11.5,0.1,1.3,86.2,35.1,38.3,72388.00
NY-12,83.3,13.5,76.9,21.5,80.1,18.9,86.3,12.1,83.1,16.8,79.9,20,70.7,4.8,12,10.7,0.1,1.6,68.5,4.5,12.3,12.6,0.1,2,94.1,72.7,79.9,104574.00
NY-13,92.3,5.4,94.6,4.6,93.3,6.1,94.4,5.4,88.6,6.9,87.3,0,17.6,28.8,47.7,4.1,0.1,1.6,14.1,27.1,52.6,4.3,0.2,1.7,74.3,31,72.1,42151.00
NY-14,77.7,19.8,80.7,18.3,76.1,23.2,78.1,13.6,82.8,17.1,88,0,31.3,12.4,41,14,0.3,1,27.5,9.8,44.8,15.7,0.1,1.9,76.8,26.3,40.3,56913.00
NY-15,93.8,4.9,96.7,3,94.6,5.2,95.9,4,95.2,3.5,97.1,0,3.4,31.6,62.1,1.8,0.3,0.8,2.7,29.4,64.3,1.9,0.2,1.4,65,13.4,28,28460.00
NY-16,75.1,22.5,73.7,25.5,72.9,26.4,99.3,0,94.4,0,99.3,0,41.9,31.6,20.7,4.7,0.2,1,41.9,30.1,21.3,4.7,0.2,1.9,85.1,39.8,56.7,70004.00
NY-17,58.6,38.4,57.1,41.8,58,41.2,87.8,0,99.1,0,56.4,43.5,68.3,10.5,14.6,5.3,0.1,1.1,64,10,18.7,5.9,0.1,1.2,88.3,46.2,53.5,98316.00
NY-18,47.1,49,51.4,47.1,52.1,46.9,55.5,44.5,55.6,44.4,49.7,47.8,74.3,9.1,12.6,2.5,0.2,1.3,74.3,8.2,13.1,2.9,0.2,1.4,90.8,36,39.1,84705.00
NY-19,44,50.8,52.1,45.9,53,45.3,51.3,46.1,45.7,54.2,35.5,64.5,88.2,3.9,5.2,1.2,0.1,1.3,87.9,4,5.4,1.3,0.2,1.1,89.8,28.9,29.9,62281.00
NY-20,54,40.5,59.2,38.8,58.3,39.8,66.5,33.5,67.9,32.1,61.2,38.7,82.1,8.2,4.9,2.9,0.2,1.6,82.6,7.7,4.2,3.5,0.2,1.8,92.2,38.2,40,66444.00
NY-21,40,53.9,52.2,46.1,51.7,46.7,42.4,56.1,30.1,65.3,33.8,55.1,91.6,3.1,2.8,0.7,0.8,1,92.1,2.9,2.4,0.8,0.8,0.9,89.5,23.8,24.4,55200.00
NY-22,39.3,54.8,48.8,49.2,49.1,49.1,50.8,49.1,41,46.5,0,98.4,90.8,3.4,2.9,1.6,0.2,1.1,90.7,3.3,2.5,2.1,0.3,1,89.6,24.7,24.9,53732.00
NY-23,39.7,54.5,48.4,49.6,49.6,48.8,45.7,54.2,42.4,57.6,38.3,61.7,91.2,2.7,3.1,1.3,0.5,1.2,91.1,2.6,2.7,2.1,0.5,1.1,89.8,26.1,25.8,51223.00
NY-24,48.9,45.3,57,41.1,56.2,42,47.3,52.6,39.4,60.5,40.3,59.5,86.3,7.2,3.3,1.5,0.4,1.4,86.2,6.8,2.9,2.2,0.6,1.3,89.9,30.8,32.1,57560.00
NY-25,55.5,39.1,58.8,39.4,58.8,39.9,59,41,56.1,43.8,50.2,49.7,75.8,13.6,6.9,2.2,0.2,1.4,75.9,13.2,6,3.3,0.2,1.3,90.1,37.6,43.1,56974.00
NY-26,57.6,38,63.9,34.3,63.4,35,73.3,26.7,74.6,25.4,68.1,31.8,74.7,16.5,5.2,2,0.4,1.3,75.1,15.9,4.3,3,0.5,1.2,89.8,31.5,34.7,49151.00
NY-27,35.2,59.7,42.9,55.3,44.5,53.9,48.7,49.1,32.8,67.2,28.9,71,93.5,2.4,1.9,0.8,0.7,0.7,93.5,2.4,1.8,0.9,0.7,0.7,92.9,30,30.5,65142.00
NC-01,67.5,30.5,68.1,31.2,67.4,32.2,69.8,30.2,68.6,29,Redrawn,,47.7,45.7,3,1.3,0.7,1.4,46.2,44.4,6.6,2,0.8,3.8,83.5,27.6,37.5,43636.00
NC-02,43.6,53.2,43,56,44.8,54.3,45.8,51.3,43.3,56.7,Redrawn,,71.6,20.2,4.7,1.5,0.4,1.6,70.7,19.7,7.1,1.8,0.6,3.6,89.8,35.3,39.7,68205.00
NC-03,36.9,60.5,40.6,58.5,42.7,57,0,100,32.8,67.2,Redrawn,,71.6,20.3,4.9,1.2,0.4,1.7,71.2,21.2,5.4,1.4,0.5,2.4,88.3,23.6,27,49868.00
NC-04,68.2,28.2,64.5,34.2,65.8,33.2,72.4,24,68.2,31.8,Redrawn,,64.7,23.3,4.3,5.5,0.4,1.8,61.6,22.4,8.7,6.6,0.4,4.2,92.3,53.7,62.7,69888.00
NC-05,39.8,57.4,42.3,56.5,44.7,54.3,43,57,41.6,58.4,Redrawn,,79.6,14.6,3.6,1,0.4,0.9,77.7,14,6.7,1.1,0.3,3.9,85.2,26.3,28,46116.00
NC-06,41.4,56.1,43.2,55.9,45.2,53.8,43.5,56.5,40.8,59.2,Redrawn,,73,20.8,3.6,1.2,0.3,1.2,71.1,19.9,7.1,1.2,0.5,3.8,85.2,24.4,27.5,49242.00
NC-07,39.9,57.6,43.2,55.9,44.8,54.7,42.8,55.5,39.1,60.9,Redrawn,,74.5,19.5,3.3,0.7,0.8,1.3,70.8,20.3,7,0.8,0.9,4.3,86.4,25.3,30,47599.00
NC-08,41.1,56.1,44.4,54.7,45.4,54,44.7,55.3,41.2,58.8,Redrawn,,66.3,23.1,5.8,1.8,1.1,1.8,66.9,22.5,7.3,2,1.2,3.3,88.9,26.3,28.2,52011.00
NC-09,42.8,54.4,43.8,55.4,45.5,54.3,48.9,49.3,41.8,58.2,Redrawn,,65.2,19.6,3.8,1.9,8.2,1.3,64.1,19.6,5.9,2,8,3,87.5,33.8,40.8,58791.00
NC-10,36.4,61,40.4,58.5,41.7,57.5,40.7,59.3,36.9,63.1,Redrawn,,82.8,11.9,2.8,1.2,0.4,1,81.9,11.6,4.5,1.3,0.3,2.1,86,24.1,26.2,47761.00
NC-11,34,63.2,39.1,59.6,41.6,57.1,38.7,59.2,35.9,64.1,Redrawn,,91.1,3.2,2.4,0.9,1.4,1,89.6,3.3,4.3,1,1.3,2.2,86.2,25.3,26.4,46044.00
NC-12,68.4,28.4,67.8,31.3,69.5,31.6,73.1,26.9,67,33,Redrawn,,48.5,39.8,6,3.4,0.3,2.1,46.6,36.2,12.1,4.7,0.5,6.4,88.5,40.2,53.5,58604.00
NC-13,44,53.4,46.1,52.9,48.1,51.2,45.5,51.5,43.9,56.1,Redrawn,,70.9,22.4,3.1,2,0.4,1.2,69.8,21.2,5.7,2.6,0.4,3,87.5,28.5,31.5,50489.00
ND-AL,27.7,64.1,38.9,58.7,44.7,53.3,35.6,60.2,23.7,69.1,38.5,55.5,89.2,1.8,2.6,0.7,4.3,1.5,91,1,1.5,1.1,4.4,1,92.5,29.5,30.4,63473.00
OH-01,44.6,51.2,46.3,52.4,47.2,51.8,46.9,51.3,40.8,59.2,36.8,63.2,74.1,20.7,1.6,1.9,0.1,1.6,73.4,20.6,2.2,2.6,0.2,1.1,90.6,34.6,38,58727.00
OH-02,39.7,55.8,43.7,54.7,44.3,54.2,41.2,57.6,32.8,65,34,66,87.8,8.4,1.3,0.9,0.2,1.4,88.1,8,1.3,1.2,0.2,1.1,89.8,31.5,32,57316.00
OH-03,67,28.6,69.7,28.9,67.4,31.3,73.6,26.4,68.6,31.4,64.1,35.9,60.3,30.8,3.2,2.4,0.2,3.1,60.1,29.4,5,3.2,0.2,2,87.8,28.3,33.5,47009.00
OH-04,30.7,64.3,42,56,43.7,54.4,34.7,65.3,32,68,32.3,67.7,90,5.1,2.7,0.6,0.3,1.3,90.6,5,2.5,0.7,0.2,1,90.2,17.9,17.9,53746.00
OH-05,34.6,59.7,44.1,53.9,46,52.2,35.1,62.3,29.1,70.9,28.9,66.5,91.3,2.8,4,0.9,0.2,1,92.2,2.3,3.4,1.2,0.2,0.8,92.7,26.5,26.6,58998.00
OH-06,26.7,69.3,42.7,55.2,44.7,53.1,30.7,69.3,29.3,70.7,38.6,58.2,95.3,2.4,0.9,0.3,0.2,1.1,95.7,2.2,0.7,0.4,0.2,0.8,88.1,16.2,16.2,47533.00
OH-07,32.8,62.5,44.2,53.7,46.9,50.9,41.3,58.7,29,64,0,100,93,3.8,1.4,0.5,0.1,1.2,93.3,3.6,1.4,0.6,0.2,0.9,88.1,20.3,20.5,55108.00
OH-08,30.6,65.1,36.4,61.9,38.1,60.3,33.4,66.6,27,68.8,27.4,67.2,89.7,5.7,1.8,1.3,0.1,1.4,89.7,5.2,2.3,1.6,0.2,1,89.8,24.4,24.2,58060.00
OH-09,58.7,36.5,67.6,30.9,66.8,31.6,67.8,32.2,68.7,31.3,67.7,32.2,73.1,14.9,8.9,1,0.2,1.9,75.4,14.2,7.5,1.3,0.2,1.4,86.9,22.2,25.5,43718.00
OH-10,44,51.3,48.2,50.1,49.3,49.3,42.2,55.9,32.7,64.1,31.5,65.2,78.5,16.3,1.8,1.4,0.2,1.8,78.5,16,1.8,2,0.2,1.4,90.7,29.7,30.8,52467.00
OH-11,80.5,17,82.7,16.5,82,17.2,82.2,17.7,80.3,19.7,79.5,20.5,41.2,52,3.4,1.5,0.2,1.7,41.8,50.9,3.3,2.3,0.2,1.4,86.6,27,41.9,36851.00
OH-12,41.9,53.2,43.9,54.4,44.8,53.7,47.2,51.4,29.8,66.6,27.8,68.1,89.3,4.6,1.9,2.3,0.1,1.8,89.6,4.5,1.5,3,0.2,1.2,93.3,41.2,40.3,73376.00
OH-13,51.1,44.6,62.9,35.4,62.3,35.8,61,39,67.7,32.3,68.5,31.5,84.3,10.7,2.5,0.8,0.2,1.4,85.1,10.3,2.2,1.1,0.2,1.1,90,22.8,23.8,45087.00
OH-14,42.1,53.6,47.6,50.9,49.1,49.4,44.8,55.2,37.4,62.6,33,63.3,91.5,4.4,1.8,1.3,0.1,0.9,92,3.6,1.7,1.8,0.1,0.8,92.2,34.9,34.8,67937.00
OH-15,39.9,55.3,46.3,51.9,46.1,52.2,39.7,58.3,33.8,66.2,34,66,91.4,4,1.5,1.4,0.1,1.5,91.4,3.7,1.5,2.1,0.2,1.1,90.9,31.7,31,63542.00
OH-16,39.5,56.1,45.2,53.4,47.2,51.3,43.3,56.7,34.7,65.3,36.3,63.7,93.4,2.1,1.8,1.5,0.2,1,94,1.7,1.5,1.9,0.1,0.8,93.5,33.9,33.4,66805.00
OK-01,32.7,61.4,34.2,65.8,35.8,64.2,40.7,59.3,0,100,0,100,73,8.5,5,1.8,5.6,6,71.6,8.4,7.9,2.1,5.9,4.1,89.5,30,33.7,54859.00
OK-02,22.8,72.9,32.2,67.8,34.3,65.7,30.1,65,23.2,70.6,24.6,70,69.4,3.5,2.8,0.5,15.6,8.1,70.9,3.5,3.2,0.5,15.9,5.9,85,17,17.8,42319.00
OK-03,20.9,73.6,26.1,73.9,27.1,72.9,26.1,73.9,21.7,78.3,21.4,78.6,79.8,4,5.7,1,5.4,4.1,79.7,3.7,6.8,1.4,5.5,2.9,87.9,22.6,24.1,51611.00
OK-04,28.3,65.7,32.9,67.1,33.9,66.1,33,63.1,26.1,69.6,24.7,70.8,75.5,6.5,6,1.9,4.6,5.5,76.8,6.2,5.8,2.3,5.3,3.6,89.8,25.2,25.9,56380.00
OK-05,39.8,53.2,40.8,59.2,40.8,59.2,50.7,49.3,36.8,57.1,36.3,60.1,67.4,13.9,7.6,2.3,4.2,4.6,65.1,13,11.6,2.9,4.2,3.2,86.8,30.7,36.5,51669.00
OR-01,57.3,34.5,57.3,40,59.6,37.7,63.6,32.1,59.6,37,57.3,34.5,80.9,1.6,8,5.9,0.5,3,77.9,1.3,11,6.9,0.7,2.2,91.6,41.3,42.6,73956.00
OR-02,36.4,56.5,40.5,56.8,43.3,53.8,39.4,56.3,28,71.7,25.7,70.4,87,0.6,7.5,1,1.7,2.2,85.3,0.5,9.5,1.2,1.8,1.8,88.8,24.7,26.5,51574.00
OR-03,70.7,22.5,72,24.7,72.9,24.3,72.6,19.8,71.8,0,72.3,19.6,78.9,4.5,6.3,6.3,0.7,3.2,76.9,4.7,8.4,6.6,0.8,2.7,90.9,40.5,44.8,64361.00
OR-04,46.1,46,51.7,45,54.2,42.7,56,40.9,55.5,39.7,58.6,37.6,88.6,0.7,4.9,1.6,1,3.2,88.3,0.6,5.2,2.3,1.1,2.6,90.8,26.6,26.8,49031.00
OR-05,48.3,44.1,50.5,47.1,53,44.2,55,41.8,53.5,43,53.7,39.3,84.1,1,9,2.5,0.8,2.7,81.8,0.8,11.7,2.9,1,1.9,89.7,30.7,33.3,62502.00
PA-01,49.1,47.1,50.2,48.6,53.9,45,48.7,51.3,Redrawn,,Redrawn,,87.6,3.6,3.4,4.4,0.1,0.9,87.3,3.3,3.6,4.8,0.1,0.9,93.7,40.8,40.9,85251.00
PA-02,72.9,24.9,77.4,21.8,73.1,26.1,79,21,Redrawn,,Redrawn,,45.7,25.7,20.8,6.2,0.2,1.4,49.1,23.5,18.9,6.7,0.2,1.6,80.3,20.3,26.2,42666.00
PA-03,90.9,7,91.7,7.6,91.8,7.8,93.4,6.6,Redrawn,,Redrawn,,34.2,55.7,3.7,4.2,0.3,1.8,33,55.4,3.6,5.9,0.3,1.9,88.1,38.1,68.6,45084.00
PA-04,57.8,38.5,56.1,42.8,59.5,39.6,63.5,36.5,Redrawn,,Redrawn,,82.3,9.1,3,4.3,0.1,1.2,81.6,8.4,3.6,5.2,0.1,1,94.2,47.4,48.2,87310.00
PA-05,62.6,34.4,63.4,35.7,62.8,36.3,65.2,34.8,Redrawn,,Redrawn,,69.6,21.8,2.9,4.4,0.1,1.2,69.8,20.4,2.9,5.5,0.1,1.2,90.9,36.9,41.9,66393.00
PA-06,52.6,43.3,51,47.8,55.7,43.4,58.9,41.1,Redrawn,,Redrawn,,81.2,5.9,9.3,2.5,0.1,1.1,79.5,5.9,10.6,3,0.1,0.9,90.4,44.1,48.4,81257.00
PA-07,48.7,47.6,52.9,45.9,56.6,42.1,53.5,43.5,Redrawn,,Redrawn,,77.5,5.2,13.7,2.3,0.1,1.2,79.9,4.6,11.8,2.5,0.1,1,89.4,29,31.7,64239.00
PA-08,43.7,53.3,55.3,43.4,56.7,42.3,54.6,45.4,Redrawn,,Redrawn,,85.9,4.8,7.2,1.1,0.1,0.9,87.6,4.1,6,1.3,0.1,0.8,90,24.8,25.9,53515.00
PA-09,31,65,41.2,57.2,45.6,53,40.3,59.7,Redrawn,,Redrawn,,91.6,2.3,4.5,0.8,0.1,0.6,93.1,2,3.4,0.8,0.1,0.6,88.8,20.8,21.2,57267.00
PA-10,43.4,52.3,46,52.6,48.6,50.3,48.7,51.3,Redrawn,,Redrawn,,81.1,9.5,5.7,2.1,0.1,1.5,81.8,9.2,5,2.6,0.2,1.2,90.7,31.1,33.2,62720.00
PA-11,34.7,60.5,38,60.5,42,57.1,41,59,Redrawn,,Redrawn,,88.7,2.9,6.2,1.3,0.1,0.8,89.3,2.6,5.7,1.5,0.1,0.8,86.1,25.8,26.5,65019.00
PA-12,29.7,66.1,36.8,61.5,41.7,57,34,66,Redrawn,,Redrawn,,94.3,2.1,1.9,0.8,0.1,0.8,94,2,1.7,1.5,0.2,0.7,89,22.7,22.2,53067.00
PA-13,25.5,71.2,32.1,66.6,37,61.8,29.5,70.5,Redrawn,,Redrawn,,94.2,2.6,1.8,0.4,0.1,0.9,94.4,2.3,2,0.6,0.1,0.6,88.8,19.7,19.8,53076.00
PA-14,33.9,62.9,40.6,58.3,44.7,54.2,42.1,57.9,Redrawn,,Redrawn,,94.5,2.9,1,0.6,0,1,94.8,3,0.8,0.6,0.1,0.7,92.4,26.4,26.6,57045.00
PA-15,26.5,69.8,35.7,62.6,42.6,55.8,32.2,67.8,Redrawn,,Redrawn,,95.6,2,1.2,0.4,0.1,0.7,95.7,1.9,1.1,0.6,0.1,0.5,90.4,19.9,20,49714.00
PA-16,37.9,57.9,46.9,51.7,49.6,49,47.3,51.6,Redrawn,,Redrawn,,92.5,4.1,1.7,0.6,0.1,1,92.7,4.1,1.5,0.8,0.1,0.8,91.3,27,27.4,52340.00
PA-17,46.8,49.4,47.2,51.7,48.6,50.5,56.3,43.7,Redrawn,,Redrawn,,91,5.4,1.1,1.4,0.1,1,91.2,4.9,1.1,1.9,0.1,0.8,94.9,40.3,40.2,66495.00
PA-18,62.1,34.6,63.5,35.2,63.4,35.7,100,0,Redrawn,,Redrawn,,77.9,16.5,1.8,1.9,0.1,1.7,77.4,16.7,1.5,3,0.1,1.3,93.4,37.3,39.8,51380.00
RI-01,60.5,34.9,66.2,32.2,66.6,31.8,66.7,33.1,64.5,35.1,59.5,40.2,77,6.5,11.9,2.4,0.4,1.7,75.7,5.8,11.9,3,0.3,3.3,86,33.2,37.4,58290.00
RI-02,51.1,44,59.8,38.3,59.9,38.3,63.5,36.3,58.1,30.7,62.2,37.6,84.4,3.5,8.1,2.3,0.3,1.3,83.7,3.2,8.6,2.7,0.4,1.4,90,33.3,35.8,68294.00
SC-01,40.4,53.5,40.2,58.3,42.7,56.1,50.6,49.2,36.8,58.6,0,93.4,75.3,18.1,3.5,1.5,0.2,1.4,73.4,17.8,5.5,1.8,0.3,1.2,93,39.5,45.3,67068.00
SC-02,38.6,56.3,39.4,59.1,39.4,59.5,42.5,56.3,35.9,60.2,35.3,62.4,70.5,23.5,2.9,1.4,0.3,1.4,70.5,21.7,4.6,1.7,0.4,1.1,90.2,33.3,36.5,58931.00
SC-03,29,67,33.9,64.5,35.1,63.5,31,67.8,27.1,72.8,28.8,71.2,77.7,18.4,2.2,0.7,0.2,0.9,77,17.8,3.5,0.8,0.2,0.7,83.5,21.6,24.2,46444.00
SC-04,34.5,60.2,36.2,62.2,37.7,60.6,36.6,59.6,31,67.2,0,84.8,74.2,19.2,3.6,1.7,0.2,1.2,72.6,18,6.3,2,0.2,0.9,87.1,31.2,35.9,53725.00
SC-05,38.8,57.3,43.6,55.1,43.8,55,41.5,57,38.7,59.2,41.1,58.9,68.5,26.6,2.5,0.8,0.4,1.2,68.2,26.4,3.1,1,0.4,0.8,86,23.6,27.3,50428.00
SC-06,66.8,30.3,70.9,28.1,70.1,28.9,70.1,28.2,70.1,27.6,72.5,25.5,39.4,56.1,2.1,0.7,0.3,1.4,39.1,54.4,4.1,1.1,0.4,0.9,83.3,19.7,27.6,36835.00
SC-07,39.1,58,44.4,54.5,45.3,53.6,40.3,59.6,38.9,61,40,60,68.7,27.3,1.8,0.8,0.5,0.8,66.8,27.5,3.4,0.8,0.6,0.8,85.8,21,24.8,44253.00
SD-AL,31.7,61.5,39.9,57.9,44.7,53.2,36,60.3,35.9,64.1,33.5,66.5,87.4,1.1,2.3,0.7,7,1.6,87.8,1,2.1,0.9,6.9,1.1,91.7,28.5,30.3,56499.00
TN-01,19.7,76.7,25.7,72.7,28.6,69.9,21,77.1,15.4,78.4,0,82.8,94.6,2.1,1.5,0.4,0.3,1.1,93.7,2.1,2.5,0.6,0.2,0.8,84.5,19.8,19.9,42052.00
TN-02,29.7,65.1,30.9,67.3,34.5,64,33.1,65.9,24.4,75.6,22.6,72.5,90,5.8,1.8,1,0.3,1.2,88.9,5.7,2.8,1.4,0.3,1,88.9,30.5,30.9,52741.00
TN-03,30.2,65.4,35.1,63.3,37.3,61.3,34.5,63.7,28.8,66.4,34.6,62.4,85.4,10.4,1.9,0.8,0.3,1.2,84.9,10.1,2.6,1.1,0.3,1,85.9,23.4,24.1,48198.00
TN-04,27.4,68.6,33.1,65.3,35.8,62.6,33.6,63.4,35,65,35.3,58.3,85.1,9,2.9,1.1,0.3,1.7,85.2,7.7,4.4,1.5,0.3,1,86.4,23.1,23.4,53160.00
TN-05,56.5,38.2,55.9,42.5,57.5,41.3,67.8,32.2,62.6,37.4,62.3,35.7,68,25,3.3,1.9,0.2,1.5,65,23.1,7.5,2.7,0.3,1.4,88.1,37.8,43.5,56053.00
TN-06,23.7,72.6,29.5,69.1,33.5,64.9,28.3,69.5,21.8,71.1,23,71.1,92.1,4.2,1.7,0.6,0.3,1.1,91.5,3.8,2.9,0.7,0.3,0.8,86.7,22,22,52980.00
TN-07,28.2,67.5,32.9,65.7,36.3,62.4,32.1,66.9,23.5,72.2,26.8,70,83.5,10.2,3.3,1.3,0.3,1.4,84.3,9.4,3.3,1.5,0.3,1.2,88.4,29.4,30.2,56857.00
TN-08,30.7,66.3,32.9,66.1,34.9,64.1,30.1,67.7,25.1,68.8,24.6,70.8,76.4,19.5,1.7,1.2,0.2,1,76.7,18.6,2.2,1.5,0.2,0.8,88.5,29.3,30.7,57726.00
TN-09,77.5,19.8,78.4,20.9,77,22.5,80,19.2,78.7,18.9,75,23.3,28.3,67.4,2,1.2,0.1,1,30.2,61.1,5.7,1.8,0.2,0.9,85.4,24,40,39903.00
TX-01,25.3,72.2,27.5,71.6,30.5,69,26.3,72.3,24.1,73.9,22.5,77.5,70.3,18.6,8.9,0.9,0.3,0.9,68.3,17.2,12.3,0.9,0.4,0.9,83.5,20.8,25.1,49465.00
TX-02,43.1,52.4,35.6,62.9,37.4,61.9,45.6,52.8,36,60.6,29.6,67.9,57.4,12.6,21.8,6.6,0.2,1.4,54.3,9.2,27.8,7.3,0.3,1.2,88.8,41.3,50.7,78481.00
TX-03,40.6,54.8,34.2,64.3,37.5,61.7,44.2,54.2,34.6,61.2,0,82,67.6,10,9.9,10.4,0.4,1.7,65.3,8.1,12.8,11.8,0.4,1.6,94,53.9,55,94366.00
TX-04,21.8,75.4,24.8,74,29.4,69.9,23,75.7,0,88,0,100,78.7,10.7,7.5,0.8,0.7,1.6,77.1,10.3,9.8,0.9,0.8,1.1,86.7,21.8,23.9,54404.00
TX-05,34.3,62.7,34.4,64.5,37.4,61.9,37.5,62.3,0,80.6,0,85.4,65.4,16.5,14.8,1.5,0.5,1.2,62.5,13.3,20.9,1.8,0.4,1,80.5,20.4,25.1,51869.00
TX-06,41.9,54.2,40.8,57.9,42.3,57.1,45.4,53.1,39,58.3,36.4,61.1,57.1,20.5,16,4.4,0.3,1.7,58.5,17,17.9,4.9,0.4,1.3,88.2,29.7,34.1,68263.00
TX-07,48.5,47.1,38.6,59.9,40.5,58.8,52.5,47.5,43.8,56.2,34.5,63.3,54.9,14.3,20,9.2,0.2,1.4,50.9,10.7,27.1,9.6,0.2,1.5,89.1,49.2,61.8,75170.00
TX-08,23.9,72.7,21.7,77,26.2,73.2,24.9,73.4,0,100,0,89.3,73.1,9.2,13.8,2.2,0.3,1.3,71.8,8.3,16.6,2,0.4,1,86.9,31.1,34.1,70669.00
TX-09,79.3,18,78,21.1,76.2,23.4,89.1,0,80.6,19.4,90.8,0,15.8,47,24.8,11.4,0.2,0.9,13.9,38.2,34,12.5,0.2,1.2,78.2,24.7,43.9,48091.00
TX-10,43.2,52.3,38.8,59.1,42.7,56.4,46.8,51.1,38.4,57.3,34.1,62.2,63.5,11.4,19,4.5,0.2,1.4,61.8,9.5,22.8,4.4,0.3,1.2,89,39.8,46.7,75663.00
TX-11,19.1,77.8,19.6,79.2,23.2,76.1,18.4,80.1,0,89.5,0,90.3,63.9,3.8,30.3,0.7,0.4,1,66.2,3.3,28.4,0.8,0.4,0.8,82.4,21.2,27.2,56714.00
TX-12,32.7,62.9,31.7,66.8,35.5,63.7,33.9,64.3,26.9,69.4,26.3,71.3,70.8,8.5,15.9,2.8,0.4,1.6,70.7,7.2,17.3,3.1,0.5,1.2,88.4,31.1,35.4,67078.00
TX-13,16.9,79.9,18.5,80.2,22.3,77,16.9,81.5,0,90,12.8,84.3,72.5,5.5,18.6,1.4,0.6,1.4,71.2,5.2,20.3,1.6,0.6,1,83.7,20.5,24.9,52057.00
TX-14,38.4,58.2,39.5,59.3,42.2,57.1,39.3,59.2,38.1,61.9,36.1,61.9,57.7,21,17.5,2.5,0.3,1,56.9,19.8,19.2,2.8,0.4,1,85.7,24,30.1,60706.00
TX-15,56.7,40,57.4,41.5,57.4,41.9,59.7,38.8,57.3,37.7,54,43.3,22.1,2.4,73.8,1.1,0.2,0.4,19.4,1.7,77.3,1.2,0.1,0.4,70.2,19.9,31.9,44590.00
TX-16,67.9,27.2,64.2,34.5,64.6,34.7,68.5,27,85.7,0,67.5,29.2,17.5,4.2,76,1.3,0.3,0.8,17.1,3,77.5,1.4,0.3,0.7,79.7,24.6,41.3,46212.00
TX-17,38.8,56.3,37.7,60.4,41,58.1,41.3,56.8,35.2,60.8,32.4,64.6,64.1,12.9,18.1,3.2,0.2,1.5,62.1,12.4,19.9,4.2,0.3,1.1,86,30.5,36.3,53336.00
TX-18,76.5,20,76.1,22.8,76.7,22.9,75.2,20.8,73.5,23.6,71.8,24.8,22.8,45,26.8,4.2,0.1,1.1,20,41,34,3.7,0.2,1,76.7,22.6,50.3,46379.00
TX-19,23.5,72.5,25,73.6,28,71.3,24.8,75.2,0,86.7,18.4,77.1,61.2,6.1,30.1,1.1,0.4,1.1,62.2,5.7,29.4,1.4,0.4,0.9,82,22.3,30,49812.00
TX-20,61,34.3,58.9,39.7,58.5,40.8,80.9,0,79.7,0,75.7,0,25.7,5.5,65,2.3,0.2,1.2,26.6,4.6,64.7,2.8,0.2,1.1,81.4,24.4,41,52104.00
TX-21,42.5,52.5,37.9,59.8,42.4,56.7,47.6,50.2,36.4,57,0,71.8,67.6,3.5,24.7,2.4,0.1,1.6,66.8,3.3,25,3.3,0.3,1.3,93.1,45.8,50.7,69797.00
TX-22,44.2,52.1,36.7,62.1,38.8,60.5,46.5,51.4,40.5,59.5,31.6,66.5,47.6,14.6,20.7,15.4,0.3,1.3,48.2,11.9,22.1,16.1,0.2,1.4,90.9,45.6,48.2,95463.00
TX-23,49.8,46.4,48.1,50.7,50,49.4,48.7,49.2,47,48.3,47.7,49.8,30.8,3.8,62.9,1.3,0.4,0.8,28.5,3,66.2,1.3,0.3,0.6,75.9,21.8,40.2,54015.00
TX-24,44.5,50.7,38,60.4,40.7,58.6,47.5,50.6,39.3,56.2,32.3,65,60.6,12.3,15.4,9.3,0.4,2,57.3,9.6,20.4,10.7,0.4,1.5,90.6,45.9,51.1,73454.00
TX-25,40.2,55.1,37.8,59.9,42.8,56.2,44.8,53.5,37.7,58.3,36.2,60.2,73.6,7.4,14.3,2.5,0.3,1.9,72.8,6.9,15.4,3,0.4,1.4,90.4,37.9,41.2,70199.00
TX-26,34.4,60.9,30.7,67.6,35,64.3,39,59.4,29.6,66.4,0,82.7,72.4,8.2,12.8,4.4,0.4,1.9,71.5,6.7,14.8,5,0.5,1.5,92.7,43.8,46.1,89458.00
TX-27,36.5,60.1,38.2,60.5,40.2,59.1,36.6,60.3,38.3,61.7,33.7,63.6,46.2,5.3,46.3,1.2,0.3,0.8,47.3,5.1,45.1,1.5,0.3,0.8,81.9,19.7,28.4,54353.00
TX-28,58.3,38.5,60.3,38.7,58.4,41.1,84.4,0,66.2,31.3,82.1,0,23.3,5.5,69.1,1.1,0.1,1,21.1,4.1,72.9,1.1,0.2,0.6,72.3,18.5,27.2,47834.00
TX-29,71.1,25.4,65.9,33,62.3,37.1,75.1,23.9,72.5,24,89.5,0,16.7,16.1,64.2,2.2,0.3,0.6,14.7,10,72.8,1.8,0.2,0.5,61.1,10.1,20.4,43626.00
TX-30,79.1,18.3,79.6,19.6,78.5,21.1,91.1,0,81.6,15.1,87.9,0,21.7,52.1,22.8,2,0.2,1.2,21.3,44.7,30.8,2,0.3,0.9,76.7,20.3,41.4,46787.00
TX-31,40.8,53.5,38.3,59.6,42.8,56.2,47.7,50.6,36.5,58.4,32,64,62.9,11.3,19.5,3.7,0.3,2.3,63.6,10.5,19.5,4.3,0.4,1.7,92.1,35.4,39.5,71039.00
TX-32,48.5,46.6,41.5,57,44,55.3,52.3,45.8,0,71.1,35.4,61.8,62.2,13,15.3,7.4,0.3,1.9,57.7,11.4,21.9,7.3,0.3,1.3,86.7,43.9,56.6,72815.00
TX-33,72.9,23.7,72,27.1,68.7,30.7,76.2,21.9,73.7,26.3,86.5,0,24.9,24.3,47.1,2.4,0.3,1,19.9,16.9,59.7,2.4,0.3,0.8,59.1,10,22.9,41063.00
TX-34,59.2,37.7,60.8,38.3,60.2,39.2,60,40,62.7,37.3,59.5,38.6,19.1,1.6,78.4,0.5,0.2,0.2,18.2,1.4,79.3,0.7,0.1,0.3,68.6,15.8,27.6,38824.00
TX-35,64.1,30.5,63,34.6,63.5,35.6,71.3,26,63.1,31.6,62.5,33.3,34.3,10.3,52.3,1.5,0.2,1.3,29.8,9.6,57.7,1.6,0.3,1.1,78.3,20.7,36,48318.00
TX-36,25.2,72,25.7,73.2,29.6,69.6,27.4,72.6,0,88.6,22.1,76,70,9.7,17.1,1.7,0.4,1.2,69.2,9,18.3,2.2,0.5,0.9,84.2,18.8,20.9,60468.00
UT-01,22.4,49.7,20.4,77.4,29.4,67.7,24.9,61.6,26.4,65.9,27.9,64.6,86.4,1,8.5,1.6,0.9,1.6,84.8,1,10.2,1.9,0.9,1.2,92.4,29.9,32.5,68431.00
UT-02,32,46,29.2,68,38.4,58.5,38.9,56.1,33.9,61.6,32.9,61.4,84.8,0.9,9,2.7,1,1.6,80.9,1,12.5,3.5,0.9,1.2,90.4,32.3,35.4,61310.00
UT-03,23.3,47.2,19.5,78.3,29.5,67.5,27.3,67.5,26.5,73.5,22.5,72.2,88.5,0.5,6,2,1.4,1.7,85.7,0.5,8.6,2.5,1.5,1.3,94.4,41.5,43.6,71756.00
UT-04,32.4,39.1,30.2,67.2,40.9,56.1,50.1,49.9,41.3,53.8,45.8,50.9,83.1,1.2,9.9,3.6,0.7,1.5,79,1,14,4.1,0.6,1.3,91,30.2,32.9,72648.00
VT-AL,56.7,30.3,67,31.2,67.8,30.6,69.2,26,89.5,0,64.4,31,95,0.9,1.5,1,0.3,1.3,95.2,0.8,1.3,1.2,0.3,1.2,92.6,37.3,37.3,60076.00
VA-01,41.2,53.6,43.4,55.3,44.9,54.3,44.7,55.2,36.6,59.9,Redrawn,,72.2,16.7,5.9,2.7,0.3,2.2,72.6,15.9,6.7,2.8,0.4,1.6,91.2,36.5,39.3,86340.00
VA-02,45.4,48.8,48.2,50.5,49,50.1,51.1,48.8,38.5,61.3,Redrawn,,67.1,19.5,5.9,4.6,0.3,2.6,67.5,19,5.8,5.2,0.3,2.1,92.2,34.6,38.3,69721.00
VA-03,63.6,31.9,67.6,31.3,66.8,32.6,91.2,0,66.7,33.1,Redrawn,,45.6,45.2,4.3,2.2,0.3,2.3,46.6,44.3,4.3,2.6,0.4,1.9,88.9,26.5,32.6,54226.00
VA-04,58.7,37.1,60.3,38.5,60.7,38.6,62.6,35.9,57.7,42,Redrawn,,52.1,41.2,2.9,1.6,0.3,1.9,52,40.3,3.9,2,0.4,1.4,87,29.2,37.4,57062.00
VA-05,42.3,53.4,45.9,52.5,48,51.1,46.6,53.2,41.6,58.2,35.9,60.9,75.8,19.7,1.7,1.1,0.2,1.5,74.6,20,2.6,1.6,0.2,1,86.1,27.9,31.7,54239.00
VA-06,34.9,59.7,39.5,58.8,42,57,40.2,59.7,33.1,66.6,0,74.5,84.2,10.4,2.8,1.1,0.2,1.3,83.7,10.2,3.5,1.4,0.2,1,87.4,27.4,29.2,53804.00
VA-07,44,50.5,44.1,54.6,45.7,53.5,50.3,48.4,42.2,57.5,Redrawn,,72,19,3.7,3.4,0.3,1.7,71.6,17.5,5.3,4.1,0.2,1.3,90.8,39.2,42.4,77047.00
VA-08,73.5,20.9,67.8,31,68.2,30.5,76.1,23.7,68.4,27.3,63.1,31.4,62.7,13.9,10.8,9.9,0.1,2.6,56.4,13,17,11.1,0.2,2.2,91,61.8,77.1,106421.00
VA-09,27.3,68.8,34.9,63.1,40.2,58.4,34.8,65.2,28.3,68.6,0,72.1,91.4,5.4,1.3,0.9,0.2,0.9,91.3,5,1.6,1.2,0.2,0.8,83.4,20.6,20.4,43426.00
VA-10,52.2,42.2,48.8,49.9,51.2,48.4,56.1,43.7,46.9,52.7,40.4,56.5,70.1,7.3,7.9,12.1,0.2,2.4,68.9,6.6,10.6,11.9,0.2,1.8,92.5,55.5,58.1,124627.00
VA-11,66.9,27.5,62.5,36.3,62.5,37.1,71.1,26.9,87.9,0,56.9,40.4,56.8,13.5,11.1,15.3,0.2,3.1,53.1,11.6,15.5,17.3,0.2,2.4,91.3,55.5,66.7,110462.00
WA-01,54.1,37.8,54.1,43.3,56.3,41.9,59.3,40.7,55.4,44.6,55,45,82.7,1.2,5.2,7.1,1.1,2.8,80.4,1.1,6.7,8.4,1,2.3,94,43.3,41.3,95296.00
WA-02,56.9,34.8,59.2,38,60.5,37.6,71.3,0,64,36,60.6,39.4,79.1,2.6,6.3,7.4,1,3.5,78.3,2.3,7.5,8,1.3,2.6,92,31.6,32.8,68114.00
WA-03,42.5,49.9,47.9,49.6,50.9,47.1,47.3,52.7,38.2,61.8,38.5,61.5,86.7,1.3,4.9,3.2,0.7,3.2,86.2,1.3,5.9,3.4,1,2.2,90.9,25.6,26.1,63926.00
WA-04,35.1,57.9,37.9,59.7,39.2,58.9,37.2,62.8,0,100,0,100,70.9,1.1,22,1.5,2.6,2,64.1,0.9,29.5,1.6,2.3,1.5,79.4,20.5,26.7,56028.00
WA-05,39.1,52.2,43.7,53.5,46.3,51.2,45.2,54.8,40.4,59.6,39.3,60.7,87.8,1.4,4.5,2.1,1.4,2.9,87.9,1.4,4.4,2.5,1.6,2.2,92.8,29.6,30.2,52942.00
WA-06,51.8,39.5,56.1,41.2,57,40.9,63.9,36.1,61.5,38.5,63,37,81.6,3.5,5.1,4.1,1.6,4.2,81.9,3.5,5.1,4.3,2,3.2,92.4,29.8,31.8,62502.00
WA-07,82.1,12.2,79.2,18.1,80.4,18,83.6,16.4,100,0,81,19,77.1,3.6,5.2,9.3,0.5,4.4,74.9,4,6.3,10.9,0.7,3.2,95.1,60.4,64,86312.00
WA-08,47.7,44.7,49.7,48.1,51.5,46.8,52.4,47.6,39.8,60.2,36.7,63.3,79.9,2.7,6.6,6.8,0.9,3.1,79.5,2.2,7.7,7.3,0.9,2.4,91.4,34.4,34.7,83593.00
WA-09,70.5,23.3,68.3,29.6,68.6,29.9,100,0,72.9,27.1,70.8,29.2,56.2,10.8,6.6,21.1,0.6,4.7,53.7,10.2,9.8,22.5,0.6,3.2,89.6,42.6,48.7,78578.00
WA-10,51.3,39.9,56.3,41.1,57.2,41,61.5,38.5,58.7,41.3,54.7,45.3,73.5,6.2,7.3,7.3,1.3,4.5,73.8,5.5,7.7,8.1,1.2,3.7,91.8,28.3,30.5,64796.00
WV-01,26.4,68,35.5,62.2,41.5,56.7,35.4,64.6,31,69,36.1,63.9,94.8,2.5,1,0.6,0.2,0.9,95.6,1.7,0.9,0.8,0.2,0.9,89.4,23.2,22.8,47158.00
WV-02,29.4,65.8,38,60,43.9,54.7,43,54,41.8,58.2,43.9,47.1,92.2,4.4,1.5,0.6,0.2,1.1,92.5,4.3,1.5,0.6,0.2,0.9,87,21.4,21.2,50183.00
WV-03,23.3,72.5,32.8,65,42.3,55.7,43.6,56.4,24,67.9,44.7,55.3,94,3.7,0.8,0.4,0.2,0.9,93.7,3.9,0.7,0.6,0.2,0.9,83.1,16.1,15.9,38191.00
WI-01,42.3,52.6,47.4,51.6,50.8,48.1,42.3,54.6,30.2,64.9,36.6,63.3,86.2,5.1,6.2,1.2,0.3,1,85.7,4.7,6.9,1.5,0.3,0.9,91.8,28.4,30.1,65354.00
WI-02,65.8,29,68.3,30.5,70.1,28.6,97.4,0,68.7,31.2,68.4,31.5,88.6,3.9,3.2,2.7,0.3,1.4,86.9,3.7,4.6,3.4,0.3,1.1,94.1,41.8,42.7,66415.00
WI-03,44.8,49.3,54.8,43.8,59.4,39.1,59.6,40.3,98.9,0,56.5,43.4,94.6,1,1.4,1.5,0.5,0.9,94.6,0.9,1.6,1.7,0.6,0.6,92.4,25.5,25.9,54960.00
WI-04,74,21.8,75.3,23.8,74.4,24.6,75.6,21.6,76.7,0,70.2,26.9,51.7,32.7,10.5,2.8,0.5,1.8,51.5,30.4,12.9,3.2,0.6,1.5,85.3,27.9,41.1,43061.00
WI-05,37.3,57.4,37.7,61.3,41.8,57.2,38,61.9,29.3,66.7,30.4,69.5,91.5,2.1,3.6,1.7,0.3,0.9,91.7,1.4,3.9,2.1,0.3,0.7,94.5,37.2,37.3,70304.00
WI-06,38.8,55.7,45.8,53.1,49.4,49.3,44.5,55.5,37.3,57.2,40.9,56.8,93,1.7,2.5,1.6,0.4,0.8,93,1.5,2.8,1.7,0.4,0.6,92.3,25.8,26.4,59455.00
WI-07,37.3,57.7,47.8,50.9,53.2,45.3,38.5,60.1,38.3,61.7,39.4,59.3,94.2,0.6,1.2,1.1,1.7,1.1,94.5,0.5,1.3,1.2,1.7,0.8,91.9,23.1,23.4,55016.00
WI-08,38.6,56.2,47.6,51.3,53.7,45,36.3,63.7,37.3,62.6,34.9,65,91.8,1.1,2.4,1.5,2.1,1.1,91.3,0.9,3.2,1.7,2.1,0.8,92.5,26,26.7,60166.00
WY-AL,22.5,70.1,28,69.2,32.7,65.2,29.8,63.6,30,62,22.9,68.5,88.1,0.8,6.9,0.6,2,1.6,87.9,0.8,7.5,0.9,1.8,1.1,92.9,26.9,28.5,62268.00