date,state,lower_rep,mean_rep,upper_rep,lower_dem,mean_dem,upper_dem
2020-07-16,Alabama,0.509491455843813,0.5611787882351151,0.6128112089548872,0.37971245180096325,0.4324069098465237,0.48616202064196684
2020-07-16,Alaska,0.4053752529626532,0.46058661700194864,0.5153669095125162,0.29142126809137475,0.3463921012704298,0.4035122021014385
2020-07-16,Arizona,0.4192394865129923,0.4686382163518379,0.5178325773845506,0.47627381080953485,0.5271545049986526,0.5787775708137207
2020-07-16,Arkansas,0.6158340367732206,0.6866340871265958,0.7597123147240715,-1,-1,-1
2020-07-16,Colorado,0.35723304103791187,0.4129798059872465,0.4683252219078692,0.5082487272410016,0.5655130454720978,0.6223612782260642
2020-07-16,Delaware,0.29456993945308374,0.37317178787165917,0.4513614081945686,0.5373755961400857,0.614460442895175,0.6933892306217697
2020-07-16,Georgia,0.4488448769042745,0.4994629585915629,0.5505912683585532,0.42882900348827246,0.4813253472601086,0.5345795751846358
2020-07-16,Idaho,0.5403783079323673,0.61886490923091,0.6956829741170215,0.2726391537992921,0.3518561525840485,0.4310390161909681
2020-07-16,Illinois,0.27737977957239,0.3551867334880405,0.4314579338649066,0.5446774862734367,0.6230945972618567,0.7012987869798778
2020-07-16,Iowa,0.4770875529916738,0.5288420526424511,0.5806802052818169,0.4132399923933073,0.4664031912831824,0.5204890669273452
2020-07-16,Kansas,0.4940535067359814,0.546075795138397,0.5992814982247886,0.3620217938947059,0.4154265020857745,0.4698475780035483
2020-07-16,Kentucky,0.4707572083834941,0.5225652899069232,0.5743841904025528,0.41134914538757616,0.4645226957819495,0.5185354709421928
2020-07-16,Louisiana,0.4993179019016392,0.576501924913519,0.653559979821024,0.34806210471412535,0.4258638559539489,0.5048877157575989
2020-07-16,Maine,0.49809581058495267,0.5501304055218668,0.6026598053609962,0.3802084410938574,0.43299350062029657,0.488011307494595
2020-07-16,Massachusetts,0.27933497031036164,0.35715906462295827,0.4338137299191008,0.5399440627452917,0.6195891100300367,0.6981198861476902
2020-07-16,Michigan,0.39319129454676016,0.4426698235742611,0.4922961825505678,0.4812153358637291,0.5320875531659208,0.5839964746337251
2020-07-16,Minnesota,0.3098336729357401,0.3882979979858655,0.4654242100721286,0.5036024551124286,0.5818985810150578,0.6612031762574021
2020-07-16,Mississippi,0.49732391780430824,0.5525824015302361,0.6073157175927036,0.38434316907407556,0.44077839449464395,0.4979910997437125
2020-07-16,Montana,0.4370043804211925,0.4885270326138179,0.5404703750459878,0.4636573094888353,0.5168076875623872,0.5699366761740133
2020-07-16,Nebraska,0.49389024611078636,0.5719978008732818,0.6486562106791296,0.32426286342948635,0.4023408555589427,0.4808385821121328
2020-07-16,New Hampshire,0.36157702727598184,0.42253076084379965,0.4824808471121075,0.5153231043754355,0.5760766553449418,0.6379002599794787
2020-07-16,New Jersey,0.3737591724336651,0.43741040741871706,0.5012700313662235,0.4935375473862194,0.5596999844928601,0.6254484945903211
2020-07-16,New Mexico,0.26787427221840415,0.3281747130974973,0.3874128766438704,0.48638112460320365,0.5474012145849401,0.609838803602474
2020-07-16,North Carolina,0.4063400576572546,0.45563990484665773,0.505259767078281,0.4590792616923573,0.5102862779911369,0.5619632988835572
2020-07-16,Oklahoma,0.577152063383947,0.6535774090713335,0.7306569071827893,0.2321979900920109,0.3091252494135846,0.3879439082148304
2020-07-16,Oregon,0.21180075834878215,0.29051206046976635,0.36852434831989095,0.561852983537152,0.640589697969375,0.7197830051795134
2020-07-16,Rhode Island,0.2991047223471679,0.3777717284692945,0.45406297465916184,0.5507144821319214,0.6282393897056656,0.7066012818925341
2020-07-16,South Carolina,0.4972190191687937,0.553490379510195,0.6099251014192666,0.38704425020201355,0.44451453752556924,0.5025566317235124
2020-07-16,South Dakota,0.5292812750993482,0.6074431180571005,0.6876461749550736,0.21026134903366778,0.2895458077410689,0.36860474402622867
2020-07-16,Tennessee,0.47746469832704497,0.5421716895749809,0.6072379005064026,0.3883266960876328,0.45531897506096514,0.5226952675412703
2020-07-16,Texas,0.43476577926133075,0.4853557407358624,0.5359845238739298,0.36612812172164466,0.41815952905123555,0.47118044710739193
2020-07-16,Virginia,0.3281773832040171,0.4048021444078511,0.4813125263506114,0.5078002088490423,0.5860561229007335,0.664017600553743
2020-07-16,West Virginia,0.4766182960216311,0.553661389471531,0.6300870126389206,0.3634249033895359,0.44174298460659467,0.5204906834035685
2020-07-16,Wyoming,0.5870780214039308,0.6645896614917225,0.7419088067844959,0.23783527598880777,0.317541160070376,0.3953144504130176
2020-07-17,Alabama,0.5099214948012986,0.5617442192060595,0.6133762928954716,0.37890367922091484,0.4324407331296405,0.4859925729928141
2020-07-17,Alaska,0.4055627523468737,0.4609024440220169,0.5157579933405737,0.290918150612046,0.346547308368974,0.4038064419791401
2020-07-17,Arizona,0.4196480563816889,0.4691074650375249,0.5182776280265151,0.47524304563825404,0.5271931468234263,0.5792415892565174
2020-07-17,Arkansas,0.6163715140104671,0.6877242760598861,0.7599982345737436,-1,-1,-1
2020-07-17,Colorado,0.3580541348972483,0.4134029928905499,0.46838189969875316,0.5082239010360823,0.5651892218225724,0.623197794131604
2020-07-17,Delaware,0.29627254570318873,0.37321969770326807,0.4505842925980381,0.5368569662623841,0.614740064057792,0.6934806781765037
2020-07-17,Georgia,0.4491604000362672,0.5001088519572846,0.5508767715777735,0.42820715157621425,0.48153817207646765,0.5348470399171794
2020-07-17,Idaho,0.5411649333312204,0.61853852091323,0.6958152205931721,0.2730475013552099,0.3511972353311964,0.4300449112811301
2020-07-17,Illinois,0.276617450287126,0.3552193649097924,0.4328019849434806,0.5445658223937192,0.622131976334259,0.7008710671690636
2020-07-17,Iowa,0.47772049192007343,0.5294954122453928,0.5803141555259408,0.4125131568706507,0.4661682226544577,0.5201631169118354
2020-07-17,Kansas,0.4946038319122506,0.5467819460570591,0.5994658831448267,0.3611322790571101,0.41542730222187796,0.4697786825195335
2020-07-17,Kentucky,0.47052153958020837,0.5230962416737486,0.5748253640875828,0.4106871894749016,0.4645285776729053,0.5190993816405168
2020-07-17,Louisiana,0.49987176603983957,0.5766253324776902,0.6543069936083687,0.34775482223068505,0.425244254553289,0.5039568512249606
2020-07-17,Maine,0.49843521997818885,0.5504457026361297,0.6026819383025067,0.37928331165627727,0.4334022638485282,0.4881955228790879
2020-07-17,Massachusetts,0.2799920804178421,0.35693905498133904,0.4346139460552402,0.5403234383991622,0.6186197412093728,0.6985138067443162
2020-07-17,Michigan,0.3934943106228989,0.4433716636741563,0.49252280561849643,0.48036332541242316,0.5321971242737478,0.584214851654357
2020-07-17,Minnesota,0.309687731894871,0.3886308755671156,0.46580723526927004,0.5034904393118309,0.581869673792275,0.6617642612616035
2020-07-17,Mississippi,0.49813906471628655,0.5530269641905006,0.6077244080748907,0.38355053176741805,0.44081612536590575,0.4977378180142482
2020-07-17,Montana,0.4373966122270221,0.48905911619703424,0.5404194084515149,0.4634108657266494,0.5165664769310998,0.5704027832862246
2020-07-17,Nebraska,0.4951350974692292,0.5723213675180538,0.6489111014883479,0.3222364260019422,0.4020059259858921,0.4804824878930109
2020-07-17,New Hampshire,0.3626288223404254,0.42252473258002576,0.48244916424594136,0.5146027055355632,0.5759743010845104,0.6375754367567061
2020-07-17,New Jersey,0.37442012126621876,0.4375880341475026,0.50217457715958,0.4943747018938124,0.5600452453700597,0.6252620561195179
2020-07-17,New Mexico,0.2681324989427765,0.3284286558415908,0.3879666284155705,0.4858776112485641,0.5476052425191271,0.610281388089726
2020-07-17,North Carolina,0.40658161865386616,0.455999557079589,0.5059391652570322,0.45824033180800394,0.510150938865328,0.5621749744322386
2020-07-17,Oklahoma,0.5789923632466505,0.6539008875543263,0.7308938229968127,0.2307449260908271,0.30974530770168446,0.38647666320165586
2020-07-17,Oregon,0.2117796528701499,0.29094795952798225,0.36932869996475964,0.560957357102783,0.6406918350494415,0.7195363331903049
2020-07-17,Rhode Island,0.30017817229193955,0.3772265697899665,0.45446431384102504,0.5501511338984906,0.6285579570109017,0.707700444785832
2020-07-17,South Carolina,0.49815851699367636,0.554713065248321,0.6105567621036758,0.3868403261903791,0.4444887315491989,0.5020676528828211
2020-07-17,South Dakota,0.5316721802531809,0.6087297595975507,0.6864523154771818,0.20943676637799366,0.28912412493206646,0.36708656487785374
2020-07-17,Tennessee,0.47814689568487595,0.5429662709635557,0.6080607937079154,0.38878339955538904,0.4547735418723587,0.5222650460027677
2020-07-17,Texas,0.4342457201694051,0.4859757822100822,0.5366478126627379,0.364902747654279,0.4180280892806918,0.47108593586129943
2020-07-17,Virginia,0.3270304919397606,0.4047730662874187,0.482077771377901,0.50672205631121,0.5849036960497502,0.6634997212439474
2020-07-17,West Virginia,0.4766551751649293,0.553914710186927,0.6318428827345887,0.3627265764027137,0.44137835304763146,0.519858017585526
2020-07-17,Wyoming,0.5869691946327452,0.6642204635900477,0.7429205751445372,0.23854224246535327,0.3166078243613737,0.3957373989637859
2020-07-18,Alabama,0.5096863126946747,0.5610318042098494,0.6125520661959796,0.3787236521618819,0.4323057326351018,0.4852275812265856
2020-07-18,Alaska,0.4058221541286848,0.46059949437824654,0.5153283487000238,0.2912753710225558,0.346691809622573,0.4019586957062781
2020-07-18,Arizona,0.4191183281879752,0.46896059657501615,0.5177487329646238,0.4754360674954657,0.5268269212271148,0.5782071361196917
2020-07-18,Arkansas,0.6162637028350906,0.6871272007451971,0.7626835301697696,-1,-1,-1
2020-07-18,Colorado,0.358265135058299,0.41305073746071985,0.46835105331871557,0.5079937864534916,0.5648031294862614,0.6216496936950829
2020-07-18,Delaware,0.29454153579860703,0.3729048488835818,0.4497923606336621,0.536493994576829,0.6148492834476984,0.6935812827890281
2020-07-18,Georgia,0.44911844903387715,0.49955237929091056,0.5503501261297021,0.428299998872958,0.48141251604673896,0.534115544715829
2020-07-18,Idaho,0.5403186053801091,0.618446895800295,0.6965796316230437,0.27254594496392803,0.3514575875684067,0.42997750860883316
2020-07-18,Illinois,0.27707145698492835,0.3546046048742798,0.4321870576262459,0.5432872995803911,0.6223725340758808,0.7006896742865691
2020-07-18,Iowa,0.4773080310762002,0.529068579993619,0.5810306496842994,0.4125830481671696,0.46614590550695967,0.519539003381414
2020-07-18,Kansas,0.4946324453092443,0.546452499543119,0.5985361811840147,0.3612242964446127,0.41514319730200716,0.4687480900279728
2020-07-18,Kentucky,0.4705441639096628,0.5225221991358022,0.574324120655446,0.41109410075658753,0.4642274489783337,0.5178889106079603
2020-07-18,Louisiana,0.49956708725497573,0.5757311728845049,0.652994775289809,0.3477523874716121,0.426156423703581,0.5036853140082773
2020-07-18,Maine,0.49812511255656844,0.5502949493447501,0.6018242902815495,0.3795665615129577,0.4331787091799729,0.4867533774251978
2020-07-18,Massachusetts,0.2786376556136394,0.3567235758282806,0.43340363990381525,0.5401178678831756,0.6195548613579528,0.6982171816780756
2020-07-18,Michigan,0.3936479011964753,0.4429394508651715,0.49231478971467174,0.48069513006891207,0.5316999966267228,0.5829468198359903
2020-07-18,Minnesota,0.3097476724142138,0.38817881753122124,0.46569793778277646,0.5033385263484519,0.5829665882156616,0.6615786492721112
2020-07-18,Mississippi,0.4971109907524108,0.5526759606030965,0.6072416181617817,0.3838515411657237,0.4403734409220186,0.4972377292258957
2020-07-18,Montana,0.43726438527628303,0.48919082038664574,0.5408604089523228,0.46231072837385356,0.5161961093973084,0.5696653984015304
2020-07-18,Nebraska,0.49445604742642163,0.5716238350955998,0.6495345333695505,0.32232215597451347,0.401618967691862,0.4803434399593471
2020-07-18,New Hampshire,0.36279378045710503,0.42205974397440177,0.4819616034015104,0.5144513102786965,0.5755787104142949,0.6365984009711754
2020-07-18,New Jersey,0.37354122942351453,0.4378061548915565,0.5009822446208816,0.4945701279147655,0.5597447891530865,0.6252357472824142
2020-07-18,New Mexico,0.26853904339362256,0.3283568167008011,0.3882793639292009,0.485542303435426,0.5471764971714489,0.6090788005930029
2020-07-18,North Carolina,0.4066641306862018,0.4559789762957707,0.5050299999613164,0.458438576727998,0.5097367237689805,0.5607551671308101
2020-07-18,Oklahoma,0.5774322933137023,0.6541915996756287,0.7306266123399525,0.2314370507706942,0.3092937985418558,0.38744497167734093
2020-07-18,Oregon,0.21263932954918055,0.29075473578614297,0.3689515290884488,0.5620288931238486,0.6395560411758683,0.7185822881342012
2020-07-18,Rhode Island,0.30068898920863635,0.37675586650056125,0.45417068254738235,0.5502187028204644,0.6278615224690517,0.7066717191396762
2020-07-18,South Carolina,0.4967329596934908,0.5498557039320063,0.6036875066917041,0.3924788502948983,0.44682871283648173,0.5017526414921701
2020-07-18,South Dakota,0.5309155856371132,0.6082934946514849,0.6849862126070345,0.2093412686564415,0.2884643070588353,0.36701046960498984
2020-07-18,Tennessee,0.47800352899050835,0.542150355319731,0.6073601797708172,0.38872184481037747,0.45486080171819876,0.5214224714380732
2020-07-18,Texas,0.43505301101231836,0.4855776590149502,0.5363809682614106,0.3653213056280743,0.41763813411732015,0.47027807220672885
2020-07-18,Virginia,0.3268987063611102,0.4054223225524202,0.482128345784654,0.5064018984390688,0.5848050453712887,0.6634495407964186
2020-07-18,West Virginia,0.47694215228007747,0.5536328211273247,0.6298683803034091,0.3628235838836276,0.4415290212027983,0.5194217521067952
2020-07-18,Wyoming,0.5871919154120403,0.6645688719541021,0.7417268190325669,0.23729176568947938,0.3163650265637,0.3947289676177539
2020-07-19,Alabama,0.5086627689333358,0.5602986148799491,0.6111635047112053,0.3803177199700458,0.43371427166711074,0.4872483329479116
2020-07-19,Alaska,0.40577937099007716,0.4601361474580821,0.5141734891371297,0.2923852561231437,0.34793975297459334,0.40283902591398624
2020-07-19,Arizona,0.418523606091921,0.4676767894393462,0.5163200472604004,0.4776376347738928,0.52848978338467,0.5794052852067857
2020-07-19,Arkansas,0.6156485408075044,0.6877896257213931,0.7590224956944223,-1,-1,-1
2020-07-19,Colorado,0.35742288106363296,0.4118912029754608,0.467163364855859,0.5093712764742138,0.5670111469433643,0.6229659694881687
2020-07-19,Delaware,0.2933580429212196,0.371550690440088,0.44809033020708583,0.5399455423851974,0.6168879071921313,0.6953628064715541
2020-07-19,Georgia,0.4483102988636253,0.4991639523246333,0.548937485594277,0.42994782169225026,0.48278823938071336,0.5347163423314679
2020-07-19,Idaho,0.5393044989768573,0.6173006419082248,0.6940543502165505,0.2754995477065481,0.3535446527461654,0.43185386380743274
2020-07-19,Illinois,0.27655725714188445,0.3530393125561895,0.4294823644653024,0.5471427688128333,0.6250418475764639,0.7021337726428288
2020-07-19,Iowa,0.4764699116547034,0.5283853639279115,0.5794480118459279,0.4140924564170318,0.46750595946788953,0.5206195888281002
2020-07-19,Kansas,0.4932207910630959,0.5456480965397387,0.5975413963979005,0.3635053735523979,0.4170172103337573,0.47068922279023284
2020-07-19,Kentucky,0.4698621387827334,0.521598670304556,0.5733770992497038,0.412419169134155,0.46612071911484543,0.5189087264828168
2020-07-19,Louisiana,0.4978903469940975,0.5753392030930962,0.6509701378901459,0.3497544214015402,0.4291074974574017,0.5060125368035544
2020-07-19,Maine,0.4970015584265609,0.5493801049133001,0.6008548169619462,0.3813040983958004,0.43478483298318604,0.4884261539141594
2020-07-19,Massachusetts,0.2775102887723864,0.3554491355281627,0.43299417815447994,0.5430591145615239,0.622087380151066,0.70066834886029
2020-07-19,Michigan,0.39297749851257857,0.4421178305163966,0.49097607420767925,0.4821934459020103,0.5337066285476011,0.5840889721675131
2020-07-19,Minnesota,0.30854679338336755,0.3860244784078971,0.4631441636552623,0.5057718828445924,0.5852827513777551,0.6634302770646777
2020-07-19,Mississippi,0.49639954596232444,0.5511651614618776,0.6055849571454811,0.3854145098022373,0.4428911270053492,0.4992945598200518
2020-07-19,Montana,0.4371901363808954,0.488325737128674,0.5389316637077963,0.4640821116670908,0.5177670004182504,0.5705157647171283
2020-07-19,Nebraska,0.49379185976449125,0.5707447459607063,0.647755852732711,0.3264614922709884,0.4043881102113989,0.4825096565551759
2020-07-19,New Hampshire,0.3611268988826648,0.4209193964852551,0.4803515042361702,0.5171797400584526,0.5779358613876051,0.6391309876636333
2020-07-19,New Jersey,0.3727613496251884,0.43614166061817944,0.5003315733935629,0.49634354130979386,0.56227283570851,0.6270220207287085
2020-07-19,New Mexico,0.2677557755405632,0.3271081762486218,0.3870686922645955,0.4873279976980788,0.54935279044694,0.6106047323956948
2020-07-19,North Carolina,0.4057868574561844,0.4548384456912563,0.5034137338690209,0.45998076431614077,0.5115350379196011,0.5620297413890233
2020-07-19,Oklahoma,0.5750888940170131,0.6535700612217545,0.7297675901444359,0.2331968945248199,0.31182127962336975,0.3891792174925189
2020-07-19,Oregon,0.2115548094380019,0.28944004246151966,0.3668003257493397,0.5635730122112903,0.642819888059459,0.7222573896774479
2020-07-19,Rhode Island,0.2992700891079888,0.3755404859049969,0.4514139028949327,0.5530733131345955,0.6316375815021915,0.708751256395888
2020-07-19,South Carolina,0.4964629108973771,0.549338426450832,0.6017345695547164,0.3941294727399528,0.4486102189924032,0.5037327969941628
2020-07-19,South Dakota,0.529384766844262,0.607148205604986,0.6840977649437555,0.2129166391891414,0.29104768223531746,0.36948393846741867
2020-07-19,Tennessee,0.4761899016891576,0.540900387725394,0.6057643688397744,0.3905879181324948,0.4576127243542314,0.5233166679752288
2020-07-19,Texas,0.4344860690083082,0.4846417037592551,0.5346032159971454,0.3667814328331125,0.4189468788047976,0.47110206278816746
2020-07-19,Virginia,0.32695886091473403,0.40371918737012735,0.48014636520949744,0.5083863787841043,0.5869644458464608,0.6648665224183385
2020-07-19,West Virginia,0.4758411606308865,0.5519386734474163,0.6280051817552061,0.36667469766038463,0.4442046840960455,0.5212668964135967
2020-07-19,Wyoming,0.585609008821558,0.6634881127695713,0.7399766634169296,0.23982391653277838,0.31864772590569607,0.39792141265112163
2020-07-01,Alabama,0.5179776856312618,0.5716479703038655,0.6249444129109206,0.3831622141031831,0.43723761122178706,0.49206685044477794
2020-07-01,Alaska,0.3211643401484331,0.3994280171501129,0.47687609196361747,0.11462662593396424,0.19154017952538432,0.26961924687895866
2020-07-01,Arizona,0.41749551595803963,0.4669510161552758,0.5166227631114052,0.4754491328196581,0.5267938870178972,0.5781469780512458
2020-07-01,Arkansas,0.613983859684669,0.6863372308156445,0.7564887516702523,-1,-1,-1
2020-07-01,Colorado,0.35752441379470284,0.4124863275424348,0.46765229011752757,0.5087107079480104,0.5659024514395882,0.6225735181325515
2020-07-01,Delaware,0.29478796307607164,0.3723550609075475,0.44830855815863024,0.5376910390702756,0.6160212507524583,0.6936132685775968
2020-07-01,Georgia,0.4459920013885512,0.49640293082542053,0.5481067991691172,0.42869193855754045,0.4809523910697884,0.5340133358022043
2020-07-01,Idaho,0.5396066961534132,0.6171388329766447,0.6955367396352785,0.27325100468145086,0.3523953980072134,0.43145262403727813
2020-07-01,Illinois,0.27583116600882895,0.35344415106803717,0.4315615752153064,0.5443317702620553,0.6233435186416327,0.7021716522005446
2020-07-01,Iowa,0.4767754290394757,0.5280441320242972,0.5805742738119304,0.4136834295864335,0.46658320294007155,0.5202076664922377
2020-07-01,Kansas,0.4939388072255205,0.5454919428540913,0.5979655891089231,0.36279291123581614,0.41605705259948633,0.46930796141575304
2020-07-01,Kentucky,0.47459472886787296,0.5271619167524719,0.5805736531155722,0.4082671103496725,0.46239528761271653,0.5164079101552095
2020-07-01,Louisiana,0.4989954045685421,0.5755504419872504,0.6512843495215364,0.3474721045375516,0.42691785345942235,0.5043709965448184
2020-07-01,Maine,0.5148923130308185,0.5682889397740015,0.621507146676432,0.36249456271252184,0.4173197183729165,0.47250111162929614
2020-07-01,Massachusetts,0.27883528714199696,0.3553255965803397,0.43280628712113817,0.5418745882511985,0.6192816456531398,0.6978605411013072
2020-07-01,Michigan,0.38814587282398405,0.43732769242546854,0.48747491064964504,0.478577249143486,0.5292748966565228,0.5808599751303164
2020-07-01,Minnesota,0.30852487985577964,0.3869214578791915,0.46465666555066565,0.5048360063496246,0.5832040701752947,0.6610534442722447
2020-07-01,Mississippi,0.49655463993810617,0.5511457732932532,0.6065604376562532,0.38489624207356044,0.44157734148304084,0.49810780505732183
2020-07-01,Montana,0.4138159102771272,0.4691914053223445,0.5260569945435685,0.4549874392945243,0.5128873663718122,0.5715073687746358
2020-07-01,Nebraska,0.494171499184087,0.5711869418232081,0.6477491802716093,0.3239625428801171,0.4025408526315056,0.4806208128514023
2020-07-01,New Hampshire,0.36223404865761794,0.42134017201895013,0.4807065221675718,0.5161918876820774,0.5765124606257055,0.6370600892967901
2020-07-01,New Jersey,0.37259837303623433,0.43639455730208704,0.5006813771012109,0.4954894697666656,0.5607690647386282,0.625254795974568
2020-07-01,New Mexico,0.2683731979844022,0.3275333510966892,0.3870203566160866,0.4862555258097205,0.5481607845879408,0.6094460545780523
2020-07-01,North Carolina,0.40519845220957046,0.45419624196113184,0.5045568778420577,0.4564489465461076,0.5074479118869304,0.558612667275725
2020-07-01,Oklahoma,0.5765915727448809,0.6532089698999333,0.7292007533460851,0.23120330144637402,0.30968250900551586,0.38808825544173464
2020-07-01,Oregon,0.2136840278405015,0.290002710936791,0.36693593535672725,0.5627468439268464,0.6412162609706857,0.7208251441901754
2020-07-01,Rhode Island,0.29932208109450126,0.3767555932148242,0.45288289096626516,0.5520177815814717,0.6295623734560071,0.7075896828876928
2020-07-01,South Carolina,0.49780830289182804,0.5527333083310684,0.6087251167424289,0.3879919520221347,0.44509613794116937,0.5021167610941611
2020-07-01,South Dakota,0.5293454016971748,0.6079584996179408,0.6846050812615518,0.21096375947550097,0.28979796532552116,0.3676325617491441
2020-07-01,Tennessee,0.4768970660926651,0.541398853362737,0.6072326689548224,0.3902240123282695,0.4556896613426594,0.5220881691104083
2020-07-01,Texas,0.43722805010899163,0.49011079675535507,0.5439301611660674,0.3900198715695045,0.4446719593729762,0.4994408088267518
2020-07-01,Virginia,0.32646274910969425,0.4037201798994705,0.48169468932403664,0.5064899538178338,0.5861109067281783,0.663568067506224
2020-07-01,West Virginia,0.4754027926309937,0.5529226025793958,0.6299381273267395,0.36417115834041797,0.44112276790138605,0.5200154821347357
2020-07-01,Wyoming,0.5863355442821859,0.6636656837351097,0.7405658289627205,0.23766177813606967,0.3175685911317188,0.39580532683263714
2020-07-02,Alabama,0.5193555836933679,0.5725331427388785,0.625088884430772,0.3823719603329757,0.43654260324851146,0.4916370784475092
2020-07-02,Alaska,0.32196445932122003,0.4008477774597789,0.47828354847383037,0.11157220254429005,0.19095678913978043,0.2704212629307295
2020-07-02,Arizona,0.41741151951994115,0.4676088936246535,0.517339735093031,0.474848663441527,0.5265813935497643,0.5780710609843712
2020-07-02,Arkansas,0.6154295012261827,0.6870181460555154,0.7565608529485245,-1,-1,-1
2020-07-02,Colorado,0.3573572814412189,0.41343374274132316,0.4675769208962124,0.5085713170420835,0.565432762631667,0.6229429356275498
2020-07-02,Delaware,0.29461323143744955,0.37279947077161973,0.44923068596797283,0.5366026082227459,0.6156641337775146,0.6935596342748773
2020-07-02,Georgia,0.44563003521598904,0.4972458192603807,0.5478184907651705,0.4277311448885894,0.4806985461000063,0.5338321272062951
2020-07-02,Idaho,0.5395624018368769,0.6177483433851111,0.6949752049813007,0.27279805652065364,0.35188219404381227,0.4309547855380758
2020-07-02,Illinois,0.2767193881176439,0.3547620750082219,0.4325080292518007,0.5443303451313956,0.6226186223451359,0.7024146681369955
2020-07-02,Iowa,0.4771489606650066,0.5289595920438298,0.5798041938213386,0.41262631800177546,0.4662180185141079,0.5199542282157218
2020-07-02,Kansas,0.4943277289348079,0.5463556499946678,0.5984690441781437,0.36184903838457716,0.4154292928969643,0.4692292189871168
2020-07-02,Kentucky,0.4747209647142647,0.5279405141774414,0.5809774829602999,0.4070829001194428,0.4617922439600587,0.516581320145135
2020-07-02,Louisiana,0.49952576640399105,0.5763655327621574,0.6528972315877962,0.34794185397925853,0.4262422584362726,0.5036495681383649
2020-07-02,Maine,0.5152994792401082,0.5688113562633412,0.6227137269975251,0.3618902377672873,0.4167231039963752,0.47272012464967117
2020-07-02,Massachusetts,0.27872161482927105,0.35617330680937465,0.4331763171851232,0.5402843955036011,0.6193611421588885,0.6984040419897697
2020-07-02,Michigan,0.3887322288271473,0.43820956037637676,0.4876190489410705,0.47767963996103624,0.529130298130583,0.5806173227256297
2020-07-02,Minnesota,0.30959888307359407,0.3880894922090805,0.4646938563924523,0.5045243772386525,0.5818584879183607,0.6609497320748614
2020-07-02,Mississippi,0.4969134924526236,0.5521611010642156,0.6074734879423191,0.38416481564674,0.44093541065200204,0.49794943629342
2020-07-02,Montana,0.4136721016305971,0.4699786091272065,0.5262433585333347,0.4545100276845552,0.5126269127558221,0.570912000647716
2020-07-02,Nebraska,0.49381777006997696,0.5715007563558475,0.6476961154298218,0.32365903110140504,0.4019622896941012,0.4809583353046179
2020-07-02,New Hampshire,0.36189427172030963,0.4220136641666984,0.48179102854819217,0.5148496964084724,0.5762636280153983,0.63723063027025
2020-07-02,New Jersey,0.3728202249724208,0.4369162013397578,0.5010217118896128,0.49564056021789826,0.5601210891613159,0.6242104970548042
2020-07-02,New Mexico,0.2685379642238072,0.32789420217813836,0.3872807803180116,0.48628544789324346,0.5476494670652559,0.6096448604402422
2020-07-02,North Carolina,0.4054186116483166,0.4551392482596075,0.5049031637317536,0.45530339903977257,0.5067948877433741,0.5582478231559307
2020-07-02,Oklahoma,0.5767838959607552,0.6538724301988188,0.7311564815279671,0.23126476886585334,0.30988183531320945,0.3877775473516579
2020-07-02,Oregon,0.21255362592293842,0.29005567022319123,0.36685021687565567,0.5630744208859465,0.6412133808694476,0.7186145305197787
2020-07-02,Rhode Island,0.2995075421460156,0.3768949970575516,0.45320716324120924,0.5504196197387755,0.629760366784804,0.7065976860285332
2020-07-02,South Carolina,0.4974944759529041,0.5541490941591156,0.6092509053075066,0.38679160931292533,0.4442376493555318,0.501888162914793
2020-07-02,South Dakota,0.5298061208702156,0.6077146297904579,0.6860878633006291,0.20956546756179092,0.28919443340420137,0.3675629625538155
2020-07-02,Tennessee,0.4779422434921557,0.5420003693697448,0.6063701536208856,0.3892157930085667,0.45591671603767087,0.5208148479967201
2020-07-02,Texas,0.4376655065459586,0.4912088266755685,0.5438788148000708,0.3893871251456106,0.44427730319938585,0.49917805891979555
2020-07-02,Virginia,0.3261280519772231,0.40433186138509103,0.481677209219967,0.5075631363642539,0.5857736305541335,0.6633014606384089
2020-07-02,West Virginia,0.47554392593107236,0.5529883789492013,0.6304279925526555,0.363228261346008,0.4426229338653351,0.51930186726173
2020-07-02,Wyoming,0.5863649264529273,0.6644075498955128,0.7413580246315787,0.2384537443419717,0.31646811266972835,0.3949092998438602
2020-07-03,Alabama,0.5186453758858083,0.5720570445217683,0.6234833301069617,0.384447606420505,0.4380139653070574,0.49218509031891416
2020-07-03,Alaska,0.3237359565713165,0.39975303717413346,0.4769001784827912,0.11360357106885609,0.19068532855515669,0.2689745161338137
2020-07-03,Arizona,0.4168212697135552,0.46719109406116693,0.516641159988934,0.4754495899444348,0.5263319734766874,0.5781983205662012
2020-07-03,Arkansas,0.6146330396189951,0.6860047975688499,0.7572305928587432,-1,-1,-1
2020-07-03,Colorado,0.35643171862361006,0.4129193798699796,0.46787315248938993,0.5081163153574288,0.56510638839666,0.6223465742425511
2020-07-03,Delaware,0.2951485752916023,0.3717124558695038,0.4498685810922321,0.5369578575323863,0.6147685022414644,0.6925627746638288
2020-07-03,Georgia,0.44835160142760433,0.4996148337250907,0.5499559363890546,0.42951328204990225,0.4812790185981047,0.5341594302772479
2020-07-03,Idaho,0.5387817646215884,0.6172651927435525,0.6957428253373529,0.27339827685762547,0.35203696962023834,0.4303482765029668
2020-07-03,Illinois,0.2755740708942545,0.35350970592268316,0.43137294820589706,0.5449933232483974,0.6227713119992246,0.7011491697176289
2020-07-03,Iowa,0.47676306235741717,0.5284930848553844,0.5798893946737514,0.41332451832836825,0.46592050888761527,0.5198186467268273
2020-07-03,Kansas,0.49342488217953956,0.546294980147177,0.5985020134346344,0.361792580512196,0.41585592125098425,0.4696397937211249
2020-07-03,Kentucky,0.47454419446946855,0.5279348152298724,0.5813666770271275,0.40772105694489635,0.4616743426897987,0.5170820066090189
2020-07-03,Louisiana,0.4993896496962439,0.5757110470292126,0.652677747978992,0.34853709537733096,0.42650820356916685,0.5041726457506213
2020-07-03,Maine,0.5146599661491833,0.5683785886903274,0.6219871669993643,0.36207972264083926,0.4168720699272316,0.47201995964937293
2020-07-03,Massachusetts,0.2788441275591565,0.3563893052412513,0.4333630808116027,0.5406169869651031,0.6201306804236753,0.6978281249374033
2020-07-03,Michigan,0.38762567756401745,0.4378410475249565,0.48736461944190246,0.4781978198688835,0.5289763063391513,0.5808022369374665
2020-07-03,Minnesota,0.30989487568666524,0.3861889678935846,0.46514457089376654,0.5044886031354301,0.5824041575646,0.6612446887206759
2020-07-03,Mississippi,0.4960928989844421,0.5515448757794711,0.6073377137141664,0.38463760077135484,0.4405998467550848,0.4975003285692224
2020-07-03,Montana,0.4126172935493183,0.46996821030874714,0.5264396185235432,0.45501213182448963,0.5126739192496631,0.5701545840271067
2020-07-03,Nebraska,0.4938342741841653,0.5715652507519291,0.6493292821539647,0.3223244254631201,0.402046727593683,0.4806746031805662
2020-07-03,New Hampshire,0.36154201333793856,0.4213281326197822,0.4814698687068001,0.5156591633311424,0.5762486310936905,0.638504072446754
2020-07-03,New Jersey,0.37262766365972,0.4372431528143341,0.5004840605776042,0.4950511685478366,0.5598336691430437,0.625465102299514
2020-07-03,New Mexico,0.2677212048454119,0.32734181274011664,0.38790564107742104,0.48588889211002584,0.5477929774373131,0.6093494849625971
2020-07-03,North Carolina,0.40476738751755953,0.45475297532535813,0.5045171392387504,0.45582703958360177,0.5066593867510738,0.5584991845846019
2020-07-03,Oklahoma,0.5767346870434261,0.652674624909398,0.7305459148294707,0.2316943643873616,0.3097884546665256,0.38806786769510165
2020-07-03,Oregon,0.212396090425233,0.2901085218567301,0.36746955070376924,0.5620372752792197,0.6411766875769483,0.719180974957793
2020-07-03,Rhode Island,0.2984094922483559,0.3772739586892109,0.45378848318499854,0.5507698195608515,0.6292012733342729,0.7077043760936619
2020-07-03,South Carolina,0.49766334738585727,0.553073851386376,0.6093873534045204,0.38753228597137507,0.4444080843212913,0.5022109366385088
2020-07-03,South Dakota,0.5292410240664416,0.6074663339780366,0.6855859827037732,0.21089047318021026,0.28905238748613415,0.36820310690543423
2020-07-03,Tennessee,0.47591145588131595,0.5414026818855514,0.6072188335011768,0.38930364166013276,0.45486463235791086,0.5221636632058837
2020-07-03,Texas,0.4369478080584725,0.49073466365824736,0.5434853401608032,0.3900264872198251,0.4445175795752489,0.4996741124074583
2020-07-03,Virginia,0.32682507522478454,0.4035444467028684,0.48147632791849254,0.5071244049989421,0.5866292987137545,0.663710366829306
2020-07-03,West Virginia,0.47478608646922804,0.5524016814242887,0.6304248399916303,0.362976077415014,0.44197810093690626,0.5213987257820891
2020-07-03,Wyoming,0.5856504646651618,0.6635001331837936,0.7415821036285666,0.23953991493536966,0.31731731156709414,0.39547674865541266
2020-07-04,Alabama,0.5179716615468155,0.5706689558747557,0.6232732674610045,0.38426302104576293,0.43890670502027695,0.49221325822209194
2020-07-04,Alaska,0.3203790441949884,0.3988854091970113,0.47628438795855854,0.11326549029241154,0.19218531392994484,0.27002187541116973
2020-07-04,Arizona,0.4160988393610698,0.46638956386919705,0.5165518032129041,0.47543618634074447,0.5270092909113469,0.57844317560093494
2020-07-04,Arkansas,0.6130659339950403,0.6854949701315239,0.7562917643265732,-1,-1,-1
2020-07-04,Colorado,0.35640706405819195,0.41158599186502237,0.4672552553690175,0.5084841345101594,0.5658248934209493,0.6223342651597354
2020-07-04,Delaware,0.2932141450179949,0.37040959306955556,0.4485212861820602,0.5365045743894064,0.6165227092893002,0.6940386928676974
2020-07-04,Georgia,0.4474389879577552,0.49833885268025035,0.5496484144668901,0.4291640186481239,0.4815957256467376,0.534371048184097
2020-07-04,Idaho,0.5372760432833812,0.6157407374195065,0.6931985330607311,0.2737833226278298,0.35295303308910153,0.4314100589235096
2020-07-04,Illinois,0.27544381171680743,0.3526483869978288,0.4301737390574059,0.5454570754553091,0.6241140923554194,0.7015667992226348
2020-07-04,Iowa,0.4757788237166165,0.5273666184808348,0.5798229465975501,0.41275831410434194,0.46706901727459443,0.5201338517964444
2020-07-04,Kansas,0.4919793376355706,0.5449630097108462,0.5977769201723139,0.3618302182109035,0.4161861883856559,0.470156912354751
2020-07-04,Kentucky,0.4735046971607441,0.5266041677338448,0.5803454860321196,0.40795416878743934,0.4623746471909168,0.5165687516229878
2020-07-04,Louisiana,0.4969528206368495,0.5736632380118198,0.6514705796569485,0.3492922375362277,0.4268075364747739,0.5052930983040669
2020-07-04,Maine,0.4962966863274854,0.5488028268046293,0.6014038238435195,0.37967542260493603,0.43420281217886814,0.48784584555693217
2020-07-04,Massachusetts,0.2770798821266812,0.3546375975342177,0.43211608599205253,0.5415019208478843,0.6200422726721866,0.6980557512998109
2020-07-04,Michigan,0.38714262090405654,0.43690418973323597,0.4870603747554428,0.47800809582753023,0.5295902688158658,0.5808495056594617
2020-07-04,Minnesota,0.30841976011347955,0.38597726398140514,0.46380698843571666,0.5043438425384058,0.5839886962026211,0.6628623466749154
2020-07-04,Mississippi,0.49433005823407195,0.5508856909565505,0.6061104610140374,0.3844511422920925,0.44201656741430595,0.4985765028346699
2020-07-04,Montana,0.4118736486810057,0.4689623055684601,0.5256563492692007,0.45447307597097075,0.513136719402628,0.5715309403947062
2020-07-04,Nebraska,0.49120760519957607,0.5700317966453374,0.6477227913279682,0.32446047951881396,0.40338463396899515,0.48218378184020755
2020-07-04,New Hampshire,0.3605508826253656,0.4199853942457415,0.47986233279479706,0.5153981614705465,0.5771811356292909,0.6386114301557531
2020-07-04,New Jersey,0.3720856337842721,0.4356989908114559,0.4992881365640922,0.49523499752855005,0.5607566288815531,0.6265199954972953
2020-07-04,New Mexico,0.26768297685776343,0.32647445975699124,0.385928255525126,0.48694221291810297,0.5487849916152802,0.6090378693908041
2020-07-04,North Carolina,0.4038786882407552,0.4540398662174873,0.5039073792432692,0.4558813586886081,0.5077237833973931,0.5587249838655527
2020-07-04,Oklahoma,0.5749335951500814,0.6517556210131643,0.729055068156913,0.23245816568141772,0.31065456959849447,0.3890219139969378
2020-07-04,Oregon,0.2106203620016715,0.2889537088824527,0.36604903010461926,0.5616319295565984,0.6408500278689522,0.7208877929577768
2020-07-04,Rhode Island,0.2975793856944141,0.374538333705849,0.45231714581700877,0.552094770405977,0.6301675212555078,0.7072009440637584
2020-07-04,South Carolina,0.4962343284621165,0.5522038779698021,0.6084185361491037,0.38757023243452277,0.445255187534634,0.5025793589856842
2020-07-04,South Dakota,0.5285115739582273,0.6064087521120174,0.6833480344518619,0.2111853271111997,0.2899174164812025,0.36945054612668055
2020-07-04,Tennessee,0.47590680521768874,0.5402881407349607,0.6049418367648977,0.3899893851492357,0.4561535547743336,0.5229884053526312
2020-07-04,Texas,0.43672869015046434,0.48988797651871074,0.5432227305799815,0.38965264475056804,0.4449771458178273,0.4996299717301488
2020-07-04,Virginia,0.3250234653275451,0.40199711172198416,0.4794288981425099,0.5082567778219601,0.5865193940825211,0.6641324602479131
2020-07-04,West Virginia,0.4739403964078272,0.5522178548412257,0.6294890890637299,0.36413178910962873,0.4431009653012826,0.5207695257804317
2020-07-04,Wyoming,0.584395744819562,0.6624698336973434,0.7398981586960105,0.23811580091267184,0.3181696642380856,0.3973885991514023
2020-07-05,Alabama,0.5179878257768122,0.5709567606272729,0.6232781710541953,0.38501476001631946,0.4392214044673314,0.49360280757710817
2020-07-05,Alaska,0.3212818438187772,0.399004234110764,0.47599753121106003,0.11263509576013597,0.19207059591346318,0.27087446961598
2020-07-05,Arizona,0.4160921541454007,0.4668548299807228,0.5157054907570356,0.47557468090740596,0.5275635104202784,0.5788055783012115
2020-07-05,Arkansas,0.6132580238240001,0.6850696932251105,0.7573784836215957,-1,-1,-1
2020-07-05,Colorado,0.3556429262099468,0.41194719307696637,0.46722066678618424,0.5090573750631107,0.5665866468619678,0.6235697469912503
2020-07-05,Delaware,0.2934992912987389,0.37079475158052977,0.44816311690920047,0.5389643603326735,0.6167037260629571,0.6948223801059401
2020-07-05,Georgia,0.44731868644579487,0.49889192020713524,0.5492483788103188,0.4298043831124332,0.4822752813944949,0.5346152162166884
2020-07-05,Idaho,0.5377273257623478,0.6166667069543559,0.6943496514556957,0.27443082218678816,0.35404540439783294,0.4312670895456928
2020-07-05,Illinois,0.27518698072715914,0.35294036592382005,0.4309357851908986,0.5454521160731863,0.6240548916551395,0.7032417036737948
2020-07-05,Iowa,0.47581791506401355,0.5279179190547727,0.5799498904463705,0.41339924126509897,0.4671800805269477,0.5203476617282395
2020-07-05,Kansas,0.4928312953090609,0.545408830454766,0.5970955886528544,0.3624836892909573,0.41689639414972857,0.47085526862985244
2020-07-05,Kentucky,0.4735634960525116,0.5272374464159482,0.5802690236300534,0.40767135990467906,0.4631813425902954,0.518263618019351
2020-07-05,Louisiana,0.49768798738794434,0.5743028374558588,0.6521724090117408,0.34966595113585935,0.4277657324302006,0.505908231479009
2020-07-05,Maine,0.4964182723009618,0.5491087576530898,0.6015460561604795,0.38067328862007566,0.4344960116884359,0.4884984476313056
2020-07-05,Massachusetts,0.27680518090100203,0.35488481560934515,0.4328807166681287,0.5417224728810904,0.6200833890112881,0.6990653109718084
2020-07-05,Michigan,0.3871984527519582,0.43734443582438565,0.487066849595289,0.47880060071370184,0.5303533307743556,0.5814371002457952
2020-07-05,Minnesota,0.3078273171770308,0.386164131291955,0.46461200160361543,0.5057231464731855,0.5843300436853538,0.6627829804234009
2020-07-05,Mississippi,0.49465929560181987,0.5506952369712312,0.6062624540337136,0.3847287580490359,0.442587955117542,0.49880481321473447
2020-07-05,Montana,0.4121585701745729,0.4691810795044067,0.5261696136786278,0.45531237191125784,0.5138304745565982,0.572468080926734
2020-07-05,Nebraska,0.49177655341595,0.5697399316381375,0.64686648319716,0.32423890613798345,0.40414076372810737,0.48289684743620065
2020-07-05,New Hampshire,0.3601772503561512,0.42023503681019203,0.4804752583033934,0.5163929636808635,0.5778732632442697,0.6390707267868709
2020-07-05,New Jersey,0.3708563802360844,0.4363785283377315,0.49950406366914624,0.49526670063036826,0.56135319820917,0.626663453732381
2020-07-05,New Mexico,0.26702799086632156,0.3271690918562793,0.3868323260994699,0.4868357391960404,0.5486938858120796,0.6100126880885667
2020-07-05,North Carolina,0.40393805344895756,0.45426470985478545,0.5036481724094679,0.4564550426333017,0.5080041333008438,0.5595418444948432
2020-07-05,Oklahoma,0.5749612270392404,0.652281482048995,0.7283214783272023,0.23300090807231943,0.3112273422422216,0.3891135071623958
2020-07-05,Oregon,0.21204955023314695,0.2891419230519394,0.36639182694012606,0.5631421706120634,0.6422445075250336,0.7200722770880238
2020-07-05,Rhode Island,0.2973847060687158,0.3755003882157088,0.4525167205433351,0.5518937773614223,0.6306763710998166,0.709114353077119
2020-07-05,South Carolina,0.4964768258308428,0.5525370955683002,0.6075700076567582,0.38819404912080013,0.44621192165413964,0.5027953722460735
2020-07-05,South Dakota,0.5288905951359354,0.6068921284253024,0.6840396064279084,0.21112398330375853,0.29076036527213667,0.369114652108451
2020-07-05,Tennessee,0.47529739157376694,0.5409575055751428,0.6045437340626854,0.39108620763359037,0.45685849188184224,0.5230889552074232
2020-07-05,Texas,0.4366953066729348,0.4899520556003738,0.5434529928499381,0.38978377463798697,0.4454718699015495,0.500401531811503
2020-07-05,Virginia,0.3256855162829896,0.4029609173385431,0.47962477986362645,0.5077933032312989,0.5870438667986171,0.665819629832734
2020-07-05,West Virginia,0.47534902203746465,0.5510714809669159,0.6289645066259383,0.36396901168351725,0.44314013974631083,0.5221840816344854
2020-07-05,Wyoming,0.5849746676997941,0.6626290793911002,0.740416224032046,0.23980293581987822,0.318165568868817,0.39688135102405986
2020-07-06,Alabama,0.5185197682470758,0.5708611986747303,0.6228713491624371,0.3864208837382286,0.43968352246490006,0.49357117242224047
2020-07-06,Alaska,0.32011021204838097,0.39878471589000675,0.47686634941020417,0.11415062185325328,0.19239608341367093,0.2709642001273866
2020-07-06,Arizona,0.41649927553343186,0.4662204296198035,0.5157642571579282,0.47700140052157664,0.527601798249871,0.579486298827053
2020-07-06,Arkansas,0.6141658522310636,0.6855688616143278,0.755734021261869,-1,-1,-1
2020-07-06,Colorado,0.35664535673333814,0.4117771072371424,0.46723960808946885,0.5102090321841167,0.5665750391286106,0.6232903611313383
2020-07-06,Delaware,0.29253898964914493,0.37086429387540526,0.44827948034480275,0.5385975681787118,0.6172805381793423,0.6951307103504419
2020-07-06,Georgia,0.4473603407838818,0.4986163160015483,0.5486461705999346,0.4306597030660301,0.4826080823895952,0.5351610535893596
2020-07-06,Idaho,0.5387190541585796,0.6162373434372944,0.6940014685178079,0.2755585750425493,0.35376174957540585,0.4322337417200784
2020-07-06,Illinois,0.2751174934512799,0.3523059993291041,0.43005781642832036,0.5463975432790344,0.6249770012069167,0.7029147122538353
2020-07-06,Iowa,0.4757368540822646,0.527729132250367,0.5795205679500001,0.4145429941123649,0.46764409773643334,0.5207313639222112
2020-07-06,Kansas,0.49307256667160215,0.5451933138746545,0.5967620623545669,0.36416585422303965,0.4171356912131472,0.47057052655512915
2020-07-06,Kentucky,0.4728299624103602,0.5270273252836875,0.5794959215175312,0.4094375501328764,0.46337283212314095,0.517457767594021
2020-07-06,Louisiana,0.49581801013079807,0.5747650483730427,0.6517729894702136,0.3492317591801433,0.4282456187394632,0.5054203222164219
2020-07-06,Maine,0.49678560815756156,0.5490171653569799,0.6010169899312279,0.382099737644558,0.4349006913816017,0.48836234347688645
2020-07-06,Massachusetts,0.2765724138586646,0.35463096955972084,0.431617743589545,0.5418618123681324,0.620843527257569,0.6993526569989106
2020-07-06,Michigan,0.3872222073401089,0.43710968517559007,0.48617021974817465,0.4797771684543408,0.530337865982089,0.5817127632885921
2020-07-06,Minnesota,0.3086534827172154,0.3860037029559353,0.4629685377721987,0.5062176447970158,0.5837366258339374,0.6618870595669974
2020-07-06,Mississippi,0.49577221427238005,0.551076463855907,0.6064657095561152,0.3854821429344434,0.44248841048781906,0.4988406400484237
2020-07-06,Montana,0.4120521107670549,0.4691500369164968,0.5252258628161213,0.4560478911536163,0.5139478798217738,0.5714539442005991
2020-07-06,Nebraska,0.4922699860572121,0.5694620774745944,0.6472532372415107,0.32405956668914754,0.403778670606051,0.4831437273910208
2020-07-06,New Hampshire,0.3602918971726033,0.42055806997640677,0.4796477889630731,0.5171823648559949,0.5779394315296256,0.6387908259030135
2020-07-06,New Jersey,0.3720598188495856,0.43537261005646555,0.49818360417366747,0.49725861360586693,0.5619415131610208,0.6261872750108978
2020-07-06,New Mexico,0.2669788186873697,0.3269853999695792,0.3862310640761178,0.48759244147515335,0.5495633791038401,0.610421353936497
2020-07-06,North Carolina,0.4039224441379057,0.4539255899508935,0.5032752030820518,0.4573858172398,0.5083376621948938,0.5592805076633569
2020-07-06,Oklahoma,0.5742109490128839,0.6516812267489498,0.7298134490631292,0.23343949824946877,0.3110060613914153,0.3886593728132042
2020-07-06,Oregon,0.21126879814993252,0.28871872267200427,0.36518137283775676,0.5641443577432425,0.6426285913754873,0.7205800383287402
2020-07-06,Rhode Island,0.2972132200092523,0.37553711094863174,0.4511397264359932,0.5522252906287716,0.6307562682301757,0.7089076317684562
2020-07-06,South Carolina,0.4965626879185361,0.5522526125197119,0.6076366721791571,0.3895011019072904,0.4465001337656833,0.5033862243797329
2020-07-06,South Dakota,0.528769636316081,0.6064266744426512,0.683597670247535,0.2133157062813454,0.290718880748984,0.3684341440093898
2020-07-06,Tennessee,0.47574464192305654,0.5405318265187923,0.6033794878516715,0.3919605460445554,0.45703006054777306,0.5226673501009566
2020-07-06,Texas,0.43658629693893686,0.4902187749032373,0.5432952597204569,0.3911733072855368,0.4457525945066476,0.49987285448702096
2020-07-06,Virginia,0.32622663975151495,0.4032251921120432,0.4787467800318844,0.5100972964563628,0.586849388345277,0.6647774839389099
2020-07-06,West Virginia,0.4739862075588899,0.5510437332121314,0.6290410010879994,0.3652611031176858,0.44386669471795553,0.5214677969829323
2020-07-06,Wyoming,0.5849111879419016,0.6627058778385123,0.7404881120147736,0.24039682075427352,0.3189409306233607,0.39680958137398803
2020-07-07,Alabama,0.5187587404617581,0.57047603323617,0.6235805445905137,0.38578560156886654,0.43992276863605073,0.49340502425293975
2020-07-07,Alaska,0.3212446701675426,0.3989708379539151,0.4774547348382965,0.11365678111674762,0.1930777344189733,0.27169924642238125
2020-07-07,Arizona,0.41670030521958157,0.46634847479213387,0.5171944156538082,0.4765178626621057,0.5278920292797813,0.5790361342160985
2020-07-07,Arkansas,0.6134797274777811,0.6854440968811888,0.7571610327497333,-1,-1,-1
2020-07-07,Colorado,0.3568944152541462,0.41213848632738603,0.4681753797292212,0.5088114935279601,0.5673105205958278,0.6232527826951949
2020-07-07,Delaware,0.2945110664085339,0.37130505690205623,0.4476227629545918,0.5387773362617461,0.6174625313086073,0.6946607979868846
2020-07-07,Georgia,0.44773330118618043,0.49876388652906845,0.5500823892664177,0.43028855576314395,0.4831109955043319,0.5350970686620531
2020-07-07,Idaho,0.538304585871917,0.6159884792129975,0.6942890770006077,0.2756791369646922,0.35372851914011005,0.43159802079244525
2020-07-07,Illinois,0.27567777402958127,0.35268442571848535,0.4299571201184288,0.5461431725026344,0.6247391398122113,0.7027304312514785
2020-07-07,Iowa,0.47570184922258385,0.5280773051447212,0.5800640688529834,0.4145935721291757,0.4678435173533595,0.5204036415522858
2020-07-07,Kansas,0.49257676273385953,0.5451525795226415,0.5980411685538546,0.36265149853795325,0.4168445589483959,0.4707449655183358
2020-07-07,Kentucky,0.47314736303003085,0.5270515800351141,0.5804686806217954,0.4085321395967016,0.4636379183444048,0.5177756080152781
2020-07-07,Louisiana,0.49641134166857565,0.5742393636458911,0.6518192832727074,0.3515700904593052,0.42866364122696843,0.5057359655758449
2020-07-07,Maine,0.4965320837646112,0.5496749663867818,0.6016019902741628,0.38137792536177,0.43500570880653844,0.4882953495633335
2020-07-07,Massachusetts,0.2765385024397637,0.3547575999463589,0.4329876704658298,0.5427172226421925,0.620811175054417,0.7004049018259066
2020-07-07,Michigan,0.38755500384712877,0.43700594018643046,0.4872813631912883,0.4792991831714149,0.5304746203761881,0.5815665517283022
2020-07-07,Minnesota,0.3073524900799226,0.3865488113983634,0.4630496223675458,0.5046250408355569,0.5837539790639097,0.6634543138755054
2020-07-07,Mississippi,0.4953552852384567,0.5507297086362957,0.6068175640321384,0.38597342600454115,0.4425659811782855,0.4990566001000175
2020-07-07,Montana,0.4119413248950169,0.4688441372722918,0.5261617600437495,0.4566551808387046,0.5142189284053297,0.5723268443373902
2020-07-07,Nebraska,0.49260396547004204,0.5704107274211158,0.6480603044336504,0.3248491162456748,0.4038434689659477,0.4824070661737335
2020-07-07,New Hampshire,0.36043724925485615,0.420811599824453,0.48094442159505013,0.5169784929389117,0.5775875015191894,0.6387908984163881
2020-07-07,New Jersey,0.37246077940895833,0.435634785584159,0.49997013836721893,0.4966450298312372,0.5616731724112249,0.6271626644614593
2020-07-07,New Mexico,0.26716899077738077,0.3268005510544738,0.3866980726055859,0.4875191798386983,0.5496087014553226,0.6100437163012019
2020-07-07,North Carolina,0.40422650690786815,0.4537382558383244,0.5046740163776368,0.45715456735506543,0.5087806081400392,0.5596410323337166
2020-07-07,Oklahoma,0.5751570871318551,0.6524013062368446,0.7285000286329693,0.23430444399376096,0.31163584754685236,0.389604877825393
2020-07-07,Oregon,0.21205439916860747,0.2890608827751294,0.36676868569800347,0.5637475957281126,0.6423520889297956,0.7204838444868451
2020-07-07,Rhode Island,0.29733554912960086,0.3754398716555142,0.4526328599211789,0.5520579215104203,0.630613045149844,0.7082010379045667
2020-07-07,South Carolina,0.4967303885617879,0.552284872653743,0.6082854037703703,0.38849575405238296,0.4464127921655172,0.502894271105104
2020-07-07,South Dakota,0.5282352948670479,0.6059122186384129,0.6845360206475346,0.21243474104082838,0.2913273151752385,0.36991905647081136
2020-07-07,Tennessee,0.475868055645333,0.5404250317539975,0.6055674998837727,0.39177541700962526,0.457376598562372,0.5238946210020985
2020-07-07,Texas,0.43692241328978304,0.4900114901756303,0.543939079430342,0.3913102469619876,0.44555728102323156,0.5002579972772226
2020-07-07,Virginia,0.3251469682701469,0.40264311091408556,0.4805407896612833,0.5102021018846941,0.5870549531510327,0.6663920575567122
2020-07-07,West Virginia,0.47341515147539726,0.5518240008054178,0.6299163371281666,0.36553425079301133,0.4441857993828777,0.5220391799812818
2020-07-07,Wyoming,0.5847350109295342,0.6625624361531182,0.7407962608680584,0.24070838439883385,0.31955662085371217,0.39596984666752927
2020-07-08,Alabama,0.5182435332634275,0.5707071705767139,0.6229207971119911,0.385522375569207,0.4395864349024119,0.49414359266636926
2020-07-08,Alaska,0.4495881076525426,0.5121334755428764,0.5740795686796275,0.30628696302092046,0.36851370925056537,0.43133308962240297
2020-07-08,Arizona,0.4167881923062752,0.46664105003867257,0.5162065430734387,0.47779441445949156,0.5291758695274003,0.5811771214117698
2020-07-08,Arkansas,0.6138120965003133,0.6853817170733671,0.7565283660182531,-1,-1,-1
2020-07-08,Colorado,0.35606970855304715,0.4115412452308893,0.4673539612408923,0.5096596455644566,0.5666261734884982,0.6236254965513384
2020-07-08,Delaware,0.29437316545513365,0.37134509137902094,0.4491252059613207,0.5379523683855877,0.6170584963881283,0.6955640447080373
2020-07-08,Georgia,0.44717168244698274,0.49848494665632015,0.5496935624530184,0.43003832413342546,0.4826521762378835,0.535602448778997
2020-07-08,Idaho,0.5377877935658664,0.6168148435135686,0.6944448009932243,0.27414440725931827,0.3536678693952745,0.43320401566554667
2020-07-08,Illinois,0.27510958641743966,0.3524928377408698,0.429111586985944,0.5456459352798799,0.624326130738764,0.7027458377746101
2020-07-08,Iowa,0.4758203708092957,0.5279830691382499,0.5794260798012875,0.41381364549491506,0.46757311252280653,0.5212522161277364
2020-07-08,Kansas,0.49262672139382224,0.545232506042159,0.5977273865535361,0.3630100902149129,0.4167498508394659,0.47141996416364446
2020-07-08,Kentucky,0.47315962724601723,0.5268687438835267,0.5794073044530965,0.40857879564055843,0.46329470031632536,0.5181882305620624
2020-07-08,Louisiana,0.49627213581116575,0.5746197753865292,0.6516812782469003,0.35023941378548085,0.42813677399672856,0.5057922545273004
2020-07-08,Maine,0.49625703784801733,0.5486117242423527,0.6009912909993743,0.38093256233705214,0.43470362055200074,0.4892117701614389
2020-07-08,Massachusetts,0.27740896970937573,0.3545009298335664,0.4315138681855695,0.5428806635995069,0.6216467893828941,0.6996951800160282
2020-07-08,Michigan,0.3873050625568734,0.43695334196681024,0.4864654426163898,0.47893094909219885,0.530249571616001,0.5820272891286955
2020-07-08,Minnesota,0.3079082250158642,0.38607181020681614,0.46435719131448094,0.5063311655669116,0.5841163927250601,0.663947450806951
2020-07-08,Mississippi,0.4953301770798133,0.5507652355350161,0.6054110958342702,0.3853760252437158,0.4427425872687807,0.4990137666216928
2020-07-08,Montana,0.412283110079274,0.4691243217795981,0.5253315918391059,0.45588751673447575,0.5139933000752555,0.5725824431051532
2020-07-08,Nebraska,0.49184996522882607,0.5705457903675094,0.6471518285156111,0.32567071163462136,0.40373989265051735,0.4820203046733037
2020-07-08,New Hampshire,0.3606361332170917,0.4203335284760115,0.48035205672528003,0.5169805032225848,0.5775467010939801,0.6402026480516808
2020-07-08,New Jersey,0.37295842974418936,0.4358099780839216,0.49975094918496,0.49659088526936135,0.5613059257790466,0.6268533447362793
2020-07-08,New Mexico,0.26717792396218265,0.32623535134780646,0.3860132761172871,0.4871596468287318,0.5492600336419535,0.6106860203890633
2020-07-08,North Carolina,0.40420952471674415,0.4539373010917264,0.5034806462925484,0.45659113791042144,0.5081713356248088,0.5600511263186079
2020-07-08,Oklahoma,0.5749436190647705,0.6522293331494695,0.7297891856360739,0.2331915425114476,0.31137830121519167,0.390164624941868
2020-07-08,Oregon,0.21134914172466965,0.28922464521944385,0.3657391057264654,0.5639136159838858,0.6424047325418922,0.721760142492128
2020-07-08,Rhode Island,0.2984649885549738,0.3749145661512294,0.45130684738747984,0.552873221225239,0.6305680486685011,0.7097051944147509
2020-07-08,South Carolina,0.4959873690615182,0.5521944268801784,0.6078135486952725,0.38834152887618345,0.44608944781844173,0.5032689504854889
2020-07-08,South Dakota,0.5288898057520787,0.6064966779776838,0.6839730311369556,0.2124137676153729,0.29071356073316096,0.3698473308705299
2020-07-08,Tennessee,0.4752597467382652,0.5404559135302862,0.6050388877406804,0.3905580894585884,0.4573049039479382,0.5231893496301108
2020-07-08,Texas,0.4305123411924419,0.4820695623043657,0.5333010297914268,0.3628503328389256,0.4164084108761996,0.47037537622918263
2020-07-08,Virginia,0.325742963660801,0.4026498332932103,0.48085489245880225,0.5085546407081013,0.5874563415182783,0.6669228171502722
2020-07-08,West Virginia,0.47588503001387294,0.5519218145881886,0.6285590625029162,0.36530009436556343,0.4435110053663924,0.5206739592342636
2020-07-08,Wyoming,0.5840879344553952,0.6627257831178958,0.7402275398099537,0.23996670560642633,0.3188980220148603,0.39775633536176835
2020-07-09,Alabama,0.5184130023948391,0.570655438774644,0.6228230272091773,0.3857607542989386,0.44025877375750944,0.4940334976068643
2020-07-09,Alaska,0.4051630996405623,0.46003056764732253,0.5144430949321558,0.2915399014878335,0.34807424926760067,0.40417884230314843
2020-07-09,Arizona,0.4169074896603044,0.46702793202468984,0.5161914352496106,0.4786061342520279,0.5298229826479655,0.5810799880594049
2020-07-09,Arkansas,0.6142525540796879,0.6857818119169399,0.7569439957053405,-1,-1,-1
2020-07-09,Colorado,0.35573455757928374,0.41232177806114656,0.46666696801045676,0.5105723729250171,0.5669173652919706,0.6238596248311853
2020-07-09,Delaware,0.29285620582098376,0.370978064778203,0.4481610408399964,0.5400003206561124,0.6178562357952171,0.6959532261541717
2020-07-09,Georgia,0.4475624252615689,0.4985050352208272,0.5493391177325013,0.4304558752000749,0.4831261465610237,0.5356403615666082
2020-07-09,Idaho,0.5386838131110523,0.616499620818142,0.6940106921105386,0.2767741790349289,0.35503744861209574,0.4331379373886246
2020-07-09,Illinois,0.2736896024874317,0.3523268943875505,0.42943525735797444,0.5476640961520508,0.6249551486251776,0.7030106926270315
2020-07-09,Iowa,0.47509779119975415,0.527739651159455,0.5791397497208719,0.4144608157395412,0.46775039998693824,0.5219029659168586
2020-07-09,Kansas,0.49337054296052146,0.5446925393493997,0.5968839175104248,0.36375331481811823,0.41781459707494417,0.47100405611512386
2020-07-09,Kentucky,0.4733945518826441,0.5269856682377856,0.579359327395972,0.4091148442733759,0.46367719734632273,0.5183269830924973
2020-07-09,Louisiana,0.49794485415312784,0.5745485396198092,0.6517087686441335,0.3515617889199594,0.428899540530714,0.5064707608875385
2020-07-09,Maine,0.49652404222701685,0.5490379522647169,0.6006293122291478,0.3818408634854862,0.43503360110333916,0.48911073425510004
2020-07-09,Massachusetts,0.2778322940575296,0.3551489868271585,0.4315098934289199,0.5419980431850561,0.6212765755984543,0.7004757397544222
2020-07-09,Michigan,0.3871850498501269,0.43722192204445376,0.4871325389044903,0.4793868016686721,0.5307484373614737,0.5819134161763309
2020-07-09,Minnesota,0.30727602342578,0.3862315406413122,0.46393600679456176,0.5062559556378191,0.584972477631171,0.6632729994725722
2020-07-09,Mississippi,0.4955429559477278,0.5509395361261895,0.6058739383860547,0.3863995756894812,0.44308147582642776,0.5000619448614686
2020-07-09,Montana,0.41211629464887234,0.46881990872783275,0.5247302587341834,0.4565708048096968,0.5143830912287024,0.5727183187360743
2020-07-09,Nebraska,0.4936143195396417,0.5700963573002598,0.6472991479878368,0.3273959920860151,0.405441605802799,0.48311486000316545
2020-07-09,New Hampshire,0.3600087096005015,0.42056777628545805,0.48027172484727065,0.5181245331334736,0.5787813434471414,0.640635179213126
2020-07-09,New Jersey,0.371493075265573,0.43580550425186954,0.5001881490702452,0.49718658293436885,0.5627493836983727,0.6282878468556492
2020-07-09,New Mexico,0.2672781442530595,0.3271383788058094,0.3867811376448573,0.4887999150658465,0.5495929318365103,0.6111372010011409
2020-07-09,North Carolina,0.40420026803141434,0.4536722922279492,0.5029690932582886,0.4582501670168536,0.5094918647824904,0.5608109893605355
2020-07-09,Oklahoma,0.5756898502580795,0.6518702213339149,0.7291550206743844,0.23362770684024103,0.3125547956021663,0.3895755195006792
2020-07-09,Oregon,0.21092628253716292,0.289263521457932,0.3670358747560184,0.56523629007109,0.643501610828735,0.7227320480764007
2020-07-09,Rhode Island,0.29828568776249853,0.3752959674615737,0.45255578935596386,0.5543027649126375,0.6318343093328365,0.7096243799802726
2020-07-09,South Carolina,0.49618228646459195,0.5522014215241282,0.608249830207065,0.3899561807873875,0.44656047473778826,0.5042643344866498
2020-07-09,South Dakota,0.5282440060789841,0.6064747337821824,0.684552453143634,0.2130676197918663,0.29241637438942303,0.3708568369611428
2020-07-09,Tennessee,0.47525075562030245,0.5403722642789892,0.6056556661113118,0.3923214391181205,0.4578442041211672,0.5237989799876165
2020-07-09,Texas,0.4303214861722186,0.48249577811633493,0.5335573459486559,0.36367699148690474,0.41668136744201123,0.4702941993084636
2020-07-09,Virginia,0.3253194245827468,0.40281241321802275,0.4795461374902113,0.5096705751622486,0.5881064197530437,0.6666450625866107
2020-07-09,West Virginia,0.47427169732347796,0.5513059470441659,0.6286731654064807,0.3652606393811139,0.44392533255659405,0.5226964630651788
2020-07-09,Wyoming,0.5841046754409227,0.6634406456814526,0.7400954850825066,0.2405691717780251,0.31945688144844164,0.39909402350881207
2020-07-10,Alabama,0.5076943995722747,0.5596049405094323,0.6111147512434318,0.3803930771673567,0.43418257792242254,0.48782248826145747
2020-07-10,Alaska,0.4051240683150763,0.4599067743380031,0.514759523139067,0.2920681979102227,0.3481805996827262,0.4040077679977961
2020-07-10,Arizona,0.41659976777463953,0.466397354536089,0.5160240083548144,0.4779208402874904,0.5297284353494276,0.5817978287591252
2020-07-10,Arkansas,0.6133821852432592,0.68536554068191,0.758512940716849,-1,-1,-1
2020-07-10,Colorado,0.3563881653246075,0.41113143124582185,0.4671933703799946,0.5095786664455805,0.567232316843478,0.6245107373514223
2020-07-10,Delaware,0.2929277722023095,0.3699387181824513,0.4472836564455867,0.5395715050972583,0.6185142929499605,0.6962935470673487
2020-07-10,Georgia,0.4476374619567487,0.49808865689085663,0.5493282774460265,0.43001878743278954,0.4832189883017908,0.536381771376532
2020-07-10,Idaho,0.5382328732807371,0.6157005470144812,0.6932971471320688,0.27562602371265543,0.3539429912035907,0.4327529696378852
2020-07-10,Illinois,0.27544212226366654,0.3522774141043025,0.4287472791367331,0.5464249823220875,0.6256744911391743,0.705144882084671
2020-07-10,Iowa,0.4758149707268969,0.5274453435054258,0.5789487806159774,0.41408571139620104,0.46836005047928864,0.5217275783675154
2020-07-10,Kansas,0.4931229230118564,0.5447962609404464,0.5971938469916307,0.3628321928265375,0.4174622641740996,0.47218699745104037
2020-07-10,Kentucky,0.4743750724843647,0.5266424197202851,0.5794199022982911,0.40878728317041957,0.46405685600324387,0.5191452782591489
2020-07-10,Louisiana,0.4974157476420522,0.5739590015989111,0.6498646465109335,0.35100645762244576,0.4296019159943123,0.5078117060660263
2020-07-10,Maine,0.49649543142412317,0.548910346449105,0.6007527466485799,0.38179635366854925,0.4351035741422421,0.4893000232729147
2020-07-10,Massachusetts,0.27649686392957723,0.35524672784959066,0.432112138437349,0.5424677439198803,0.6222728466210036,0.7014890634662717
2020-07-10,Michigan,0.3871574212930011,0.43653808683618567,0.4864021078486677,0.4790727364857667,0.5309248261700389,0.5829008660249473
2020-07-10,Minnesota,0.30878845809689126,0.3857237031039725,0.4637651857550887,0.5057083663681299,0.5848937791153016,0.6637121780608604
2020-07-10,Mississippi,0.49439013016730804,0.5504530035583364,0.6054356390260746,0.38590571701316895,0.4429582529732572,0.5007126681319785
2020-07-10,Montana,0.4119319881146179,0.46866953456348853,0.5254413139043789,0.4557602885825844,0.5146088395276442,0.5735291510693439
2020-07-10,Nebraska,0.49327160310782603,0.5693615628508506,0.6469864620235435,0.32518903660901705,0.40509828946205695,0.4840477983646471
2020-07-10,New Hampshire,0.3599876450673928,0.4201826046717483,0.4797731305329856,0.5166932597908082,0.5792439617356288,0.6409809469573212
2020-07-10,New Jersey,0.3712678972404294,0.43496622313098854,0.4989947255644179,0.4963985639934042,0.5627732051305223,0.6289282219767004
2020-07-10,New Mexico,0.26716889534799304,0.32669284327497017,0.38665257312526247,0.4881196020729466,0.549711353697137,0.612151772210547
2020-07-10,North Carolina,0.4038740241206389,0.45320785929197327,0.5028905195156197,0.45776968337846935,0.509378399218231,0.5615104091391329
2020-07-10,Oklahoma,0.574233441716314,0.65169562106144,0.7290700058439059,0.23379587796481277,0.3124053060266838,0.39042794480137033
2020-07-10,Oregon,0.21088942142129877,0.2887783297825083,0.36569847285555773,0.56427940920997,0.6430530720717782,0.7223547679397351
2020-07-10,Rhode Island,0.2971619446647819,0.3746812222825945,0.4524372018519838,0.5520542286013258,0.6316898370062474,0.7095885145656814
2020-07-10,South Carolina,0.4960548588571817,0.5519332116043698,0.6075095822170269,0.38816807836557965,0.44663039302117247,0.5045851008669592
2020-07-10,South Dakota,0.529599701863109,0.6061394568705984,0.6836956842347002,0.21309892166584818,0.2917239406677125,0.3716206123902382
2020-07-10,Tennessee,0.4745729338698959,0.5399206358658666,0.6046079193503623,0.39111400453546274,0.4576459272915939,0.5247947761085964
2020-07-10,Texas,0.43054658138194013,0.48205353117790783,0.5334896153662505,0.36327411535568155,0.4168403852735444,0.47080065901228574
2020-07-10,Virginia,0.3251581762536899,0.40283255403575213,0.47894352588680056,0.5095162599659623,0.5876398491549191,0.6666478057271571
2020-07-10,West Virginia,0.473623395106715,0.5510261883771312,0.6285956905523332,0.3660284119464183,0.4447023106823378,0.5236902701188906
2020-07-10,Wyoming,0.5857777915914595,0.6629775395023708,0.7391764266960247,0.24136802940134172,0.31929548678838005,0.39770395210246245
2020-07-11,Alabama,0.5077815681547243,0.5598962888564323,0.6118798578171644,0.3807017051889164,0.4334369940506948,0.48716115943302124
2020-07-11,Alaska,0.4058275421385002,0.4598456038373756,0.5148881478444913,0.29207303808871665,0.3477579506589207,0.4027060486807138
2020-07-11,Arizona,0.4170145171657647,0.4665931321051521,0.516119356075515,0.47703305324716777,0.528142406358281,0.5787584947921388
2020-07-11,Arkansas,0.6131372784512824,0.6852194584760356,0.7577148069220265,-1,-1,-1
2020-07-11,Colorado,0.35624860382733986,0.4121945068253604,0.4674870122386615,0.5093977552332355,0.5661661168364859,0.6230291287616571
2020-07-11,Delaware,0.29409597271205656,0.371275766073742,0.4474412249857416,0.5377521115861984,0.6172392066825747,0.6950201275063288
2020-07-11,Georgia,0.447496425564409,0.4984099719989727,0.5495438226150268,0.43073820298459214,0.48244243710690005,0.5346529507590243
2020-07-11,Idaho,0.5388793890009589,0.615538551778858,0.6923128256958455,0.27493132559112216,0.3536978545625777,0.43207182802222804
2020-07-11,Illinois,0.2758085778263429,0.35300486427100397,0.42975118264900986,0.5463316821303758,0.6245034400276883,0.7025721812420549
2020-07-11,Iowa,0.47554323253091313,0.5278741035894575,0.579579302758261,0.41437588010858906,0.4677044124880494,0.5207741008625384
2020-07-11,Kansas,0.49298270757450585,0.5449042980518715,0.5971366355982198,0.36322151064255354,0.41685071614812774,0.47089549779060375
2020-07-11,Kentucky,0.4738803324332796,0.5270958083363091,0.5797378184562135,0.40913446599810704,0.4633723235155607,0.5178980413810232
2020-07-11,Louisiana,0.4975878163655519,0.5747712834917877,0.6526831763078413,0.35147121555386684,0.42761730835073014,0.5052417543089837
2020-07-11,Maine,0.49690605279246447,0.5489387536054717,0.6013959594086722,0.3814655667491,0.4348794684315836,0.4885882720364429
2020-07-11,Massachusetts,0.27752476079557886,0.35522230256803966,0.4314722200819707,0.5430218429256698,0.6214277724264914,0.7013248577392368
2020-07-11,Michigan,0.38993258606302894,0.43951087383476806,0.48938366843918185,0.4804601465936318,0.5312898431184137,0.5825469483523277
2020-07-11,Minnesota,0.30875922440647113,0.38611217832723044,0.46390296068118025,0.5059084453617789,0.5838244881520926,0.6623239769274194
2020-07-11,Mississippi,0.49524221483183195,0.5510125495285835,0.6059877142684733,0.3857838164493342,0.44274600752199106,0.4996244235662745
2020-07-11,Montana,0.42221293423434003,0.47527374535390404,0.5281709310285598,0.4587288966835653,0.5128354043803702,0.5674093967467284
2020-07-11,Nebraska,0.4918506576479554,0.5704412399217194,0.6479534149653717,0.3257634836768126,0.4041042858596927,0.48295244191599784
2020-07-11,New Hampshire,0.3611566011003212,0.4206918554084227,0.48041843692268826,0.5177090747061857,0.5780632319877594,0.6391201512220349
2020-07-11,New Jersey,0.37206489446075325,0.4350881849696753,0.49939902731234026,0.49653250043920316,0.5614074228046139,0.6269774197913905
2020-07-11,New Mexico,0.26738106074057194,0.3266928210323857,0.3862597905639788,0.4876873498437926,0.5487268643495717,0.6109601725944314
2020-07-11,North Carolina,0.4041266527300977,0.45343407603564767,0.5031526385013445,0.4580707608400666,0.5091745167159811,0.5600649294673332
2020-07-11,Oklahoma,0.5752426413522957,0.6518233928501503,0.7292247734166946,0.23239155705497638,0.3112569656287487,0.38940234507251653
2020-07-11,Oregon,0.2111413387427074,0.2889037072960938,0.36652709599788014,0.5638365171781857,0.6424317920473177,0.7201798280055642
2020-07-11,Rhode Island,0.298429902162321,0.3750865630498592,0.4527637542009014,0.5526716874367299,0.6306143733306602,0.7084089454979389
2020-07-11,South Carolina,0.4961193065361734,0.5523619757595302,0.608158220198878,0.38877952259658816,0.4457012578457882,0.504080640503872
2020-07-11,South Dakota,0.5283708542319032,0.6058310370211817,0.6844936478866152,0.21279707683309046,0.2906029154569208,0.36925299471731055
2020-07-11,Tennessee,0.4755887348056808,0.5410841559074016,0.6053466289312798,0.39064289600810564,0.4568612810678834,0.5230346164722207
2020-07-11,Texas,0.43363162361156915,0.48473284283573415,0.5355377861456522,0.366710736025315,0.4191498681004232,0.4714563532858779
2020-07-11,Virginia,0.32585254378259493,0.4022265202534628,0.48070698694839153,0.5090006146215758,0.5872907227134914,0.6646354954537592
2020-07-11,West Virginia,0.4743458654080829,0.5516726671052362,0.628313042848428,0.36583836710009493,0.4439300696301821,0.5213762537338276
2020-07-11,Wyoming,0.5844635704119749,0.6619879091714247,0.7389419135928322,0.24077071420772408,0.3188260756342484,0.39758881377263733
2020-07-12,Alabama,0.5078261183763365,0.5602285107323604,0.611593537952395,0.38079334696826084,0.4336983889101902,0.48729728435640507
2020-07-12,Alaska,0.4051019920526852,0.46023891393718375,0.5149857929761693,0.2917829828800869,0.3479790903710687,0.4028155479932794
2020-07-12,Arizona,0.41657961268352317,0.46680083806661266,0.5160267155641817,0.47705408754793327,0.5279681986385583,0.5798521923996264
2020-07-12,Arkansas,0.6129004212263488,0.6850145252350313,0.7579434725829167,-1,-1,-1
2020-07-12,Colorado,0.35679656200810833,0.41197114314021704,0.4667782104557828,0.5096465364778302,0.5664641498881811,0.623032084776221
2020-07-12,Delaware,0.2928058439629173,0.37086704962197964,0.44813457084785724,0.5387924440377516,0.6164484459688684,0.6955226159695717
2020-07-12,Georgia,0.4466420524054683,0.4987465549580399,0.5495023388787823,0.43041985535857813,0.48265348855276846,0.5355192895061934
2020-07-12,Idaho,0.5383649507587409,0.6163420612388533,0.6936031359400677,0.2757075694646634,0.3534544645305597,0.43207918162008563
2020-07-12,Illinois,0.2742835093652411,0.3528090939196604,0.43045175634132726,0.5465458326814623,0.6246206102298116,0.7029927519644504
2020-07-12,Iowa,0.4759681648257563,0.527944365866999,0.5797189041090408,0.4143579679377289,0.4672672289255273,0.5211144812494282
2020-07-12,Kansas,0.4925056396072051,0.5454191374220054,0.5975110635965237,0.3630417850398756,0.4167677232483801,0.4706071740765546
2020-07-12,Kentucky,0.47353088650795994,0.5269890775954311,0.580368887748984,0.40880808413681,0.4631748044970385,0.5181354136715921
2020-07-12,Louisiana,0.4964973926226212,0.574065825116086,0.6513737295379336,0.35090128543872007,0.4284990156297992,0.5067423593156406
2020-07-12,Maine,0.4966330145796363,0.5493560546489769,0.6014934644959719,0.3811468983781638,0.4343848103438237,0.4886187284243686
2020-07-12,Massachusetts,0.27679608941565303,0.354757857347108,0.43239610709623694,0.5418311375674325,0.6207507812875077,0.6998918857600535
2020-07-12,Michigan,0.38971909135971877,0.4398424517803075,0.4892509657913917,0.4802462326875308,0.5315579656813765,0.5828262117968535
2020-07-12,Minnesota,0.30952255296945663,0.38629159606029684,0.4629289430750315,0.5060875879516861,0.5840962496216073,0.6619247968696067
2020-07-12,Mississippi,0.49549070686345686,0.5507124453113964,0.6066782426895655,0.3861260128421393,0.4421244739504994,0.4992339674968785
2020-07-12,Montana,0.421864149186891,0.4750402942428585,0.5277485399239634,0.45866849197091364,0.5127343790090306,0.5674162892118793
2020-07-12,Nebraska,0.4925002642862921,0.5703463846684775,0.6477173368072053,0.3265107851300326,0.4037103444131391,0.48237412044083866
2020-07-12,New Hampshire,0.3601772580147448,0.4207176700058477,0.4801093502729112,0.5171148279610193,0.5783669843529018,0.6393067285900784
2020-07-12,New Jersey,0.37164070480278255,0.43565992043010116,0.4993547905218563,0.49680685648574785,0.5616771231429069,0.6275432641038861
2020-07-12,New Mexico,0.26694731562304047,0.3266784689647779,0.3867426276799885,0.48865339824178977,0.5489452283559941,0.6109968917890644
2020-07-12,North Carolina,0.40362489855874895,0.45373628274371125,0.5029685589577015,0.4579449683428082,0.5089889785749129,0.5607102483933202
2020-07-12,Oklahoma,0.5753812717365769,0.6518034658000804,0.7290292115353496,0.23359269512319442,0.31088426855427204,0.38908941712489087
2020-07-12,Oregon,0.21166193223162025,0.2890515115438697,0.36598774846129845,0.5647136745571371,0.6419095919853722,0.720897838234371
2020-07-12,Rhode Island,0.2980217584243383,0.3756888570790514,0.4519353439178132,0.5526223217527558,0.6317404377068049,0.7082339145612698
2020-07-12,South Carolina,0.4959145359013696,0.5527553778564298,0.608026838652599,0.38837788353670527,0.4461127968341525,0.5035691835666171
2020-07-12,South Dakota,0.5284661890305673,0.6067647755551138,0.6845354753865814,0.21222378022615127,0.290588533799548,0.370025880210166
2020-07-12,Tennessee,0.4750838609988605,0.5409550000548027,0.6054453233974525,0.3909333862189946,0.4571426453659299,0.5235113525624787
2020-07-12,Texas,0.43327779458153476,0.48475914887453747,0.5352938221533956,0.36671004592620593,0.41907337173266485,0.47193972222665925
2020-07-12,Virginia,0.32455332139582754,0.4029904039537201,0.48071839622310014,0.5095137070536364,0.5872149520516992,0.6658419703555922
2020-07-12,West Virginia,0.47395005120430067,0.5523195058244793,0.6293399363761882,0.3657674452733365,0.44376645446909735,0.5225602612107451
2020-07-12,Wyoming,0.5853130841905019,0.6632762462816146,0.7399459330473819,0.23991950409346816,0.31828535483332576,0.3975559932126054
2020-07-13,Alabama,0.5082330093238719,0.5599535871270118,0.6109197427076195,0.3809752201979011,0.43351374786747066,0.48759906426074034
2020-07-13,Alaska,0.40561115962811073,0.45984492120401405,0.5136593943655958,0.2922041633112347,0.34769468375808676,0.4035969942524958
2020-07-13,Arizona,0.4184251547694745,0.4672735390320194,0.5161526925073504,0.4776285181446216,0.5281903406567741,0.5798908530051667
2020-07-13,Arkansas,0.6145511086403886,0.685653121923283,0.7572571060780766,-1,-1,-1
2020-07-13,Colorado,0.356553421496355,0.41186539316275483,0.4669336044397337,0.5099273090127865,0.5664886650165096,0.6237578294510723
2020-07-13,Delaware,0.29393933021117125,0.37114616259408006,0.4479047134182326,0.5386611377517242,0.6170282772842737,0.6956986978948055
2020-07-13,Georgia,0.44809942161381133,0.4980640378113157,0.5488593505157913,0.4306174186701249,0.48257158825689195,0.5352387967655349
2020-07-13,Idaho,0.539873824634821,0.6158165537482281,0.6932243364329408,0.27521340862732807,0.354161581237024,0.43274649886890865
2020-07-13,Illinois,0.27573609873849325,0.3525349622988778,0.4296702238343644,0.5469978828731356,0.6249820385043752,0.703924230465029
2020-07-13,Iowa,0.4766534819866028,0.527600432741324,0.5786600152566403,0.414462828037645,0.46740569451652325,0.5210843281136346
2020-07-13,Kansas,0.4928638023451868,0.5453898563503311,0.596663898750229,0.36374577049465473,0.41689356314781556,0.47127415018538216
2020-07-13,Kentucky,0.4695895034062968,0.5210367465220671,0.5727047357912931,0.41336624772613456,0.46564064646414394,0.5193457972501387
2020-07-13,Louisiana,0.4982137463477086,0.5745709956430072,0.6497706217514865,0.35064824701385533,0.428614820484191,0.5059048146231695
2020-07-13,Maine,0.49734123424261617,0.5489683429997029,0.6007039537292671,0.38115133151798947,0.4346671552593455,0.4884445927969555
2020-07-13,Massachusetts,0.2780874547758366,0.35541155427191773,0.4308948035701686,0.5434466033403051,0.62119424082052,0.6992893954604721
2020-07-13,Michigan,0.39256475553155384,0.4414340427772512,0.4902763188874822,0.4823885964381813,0.5332132618588501,0.58512165100287306
2020-07-13,Minnesota,0.30786896923009716,0.38585661636929053,0.4622927048601558,0.5063119438903962,0.5847731969585153,0.6635115252021873
2020-07-13,Mississippi,0.49569378218093524,0.5508922472873528,0.6055949656943586,0.38608940518458473,0.4422874514993581,0.498766526608426
2020-07-13,Montana,0.4221068572012988,0.47497827346497007,0.5274114506786767,0.45890192713598776,0.5127094982767711,0.5675871192576794
2020-07-13,Nebraska,0.4932262268135385,0.5702160955362172,0.6467028020356704,0.32656042733838064,0.40425156050068367,0.48266248013481355
2020-07-13,New Hampshire,0.3609850629515734,0.4208151007460058,0.4796853889023227,0.5171809920630752,0.5781948739697433,0.6399310555856421
2020-07-13,New Jersey,0.372538030794166,0.43602360105742355,0.4991593704794009,0.49730492701335133,0.5618655925232289,0.6273377208715681
2020-07-13,New Mexico,0.26795122728660853,0.3265005487258633,0.38551899909650494,0.4881578656562818,0.5493418113615866,0.6109418574020861
2020-07-13,North Carolina,0.40544652313037294,0.45449788347281317,0.5036162098994251,0.46062740078829284,0.5110514678388678,0.5629375133266089
2020-07-13,Oklahoma,0.5748771982788081,0.652260045593698,0.7285065883443821,0.23371493326078452,0.31153008639265123,0.38990727415735393
2020-07-13,Oregon,0.2118345410584167,0.2889534527495629,0.36647084711463807,0.5642811000559196,0.6429272855168557,0.7211448342551164
2020-07-13,Rhode Island,0.2985364955682923,0.37522448707454403,0.4515276535349163,0.5534824771427105,0.6319902577718963,0.7091684584168984
2020-07-13,South Carolina,0.49705342196851127,0.552136880387313,0.6078770766838208,0.38900973026684355,0.44581740521449653,0.5036254897693941
2020-07-13,South Dakota,0.5299503832488722,0.6062197787473624,0.6841103074648759,0.21265732809939042,0.29107443195724053,0.36936564388556953
2020-07-13,Tennessee,0.47582093045458207,0.5409084358921659,0.605033784982693,0.39181340485330046,0.45725322412431024,0.5239007122056846
2020-07-13,Texas,0.4336704274889234,0.4841928959866046,0.5348402604816344,0.36657013039366715,0.41885766341614106,0.4716677797966661
2020-07-13,Virginia,0.32777779017394076,0.4029606055034242,0.479315229168471,0.5091194341785942,0.5878341766510151,0.6658046156017139
2020-07-13,West Virginia,0.47486424213042516,0.5521726912492684,0.6290857593165169,0.3656409261729784,0.44406361374302694,0.5224874961392326
2020-07-13,Wyoming,0.585610306745104,0.66289362272001,0.7400038867336716,0.24015033101643266,0.3191551003861507,0.39666428887126937
2020-07-14,Alabama,0.5087116994061585,0.5602712700430059,0.6121399974594289,0.37996541038961174,0.4334736410442743,0.48689745571268994
2020-07-14,Alaska,0.40547887054295123,0.46006040921592806,0.5150104800853595,0.2920772409961661,0.3474287716819674,0.40309332413533283
2020-07-14,Arizona,0.41810216741074174,0.4676821588030138,0.5175217531706724,0.4773042279317915,0.5281499065223008,0.5796682785475891
2020-07-14,Arkansas,0.6145101887255768,0.6857027469413572,0.7585604522180462,-1,-1,-1
2020-07-14,Colorado,0.3568129265116039,0.411885790839919,0.4676038355723282,0.5088995599023667,0.5663008945278332,0.623579022345874
2020-07-14,Delaware,0.29375978274685116,0.3711550068367746,0.44913781672536,0.5379457829375991,0.6165068784737039,0.6954270427418284
2020-07-14,Georgia,0.447840050250428,0.4986917266579005,0.5498290678934912,0.4300299428202642,0.4823711237462398,0.5351416292973963
2020-07-14,Idaho,0.5393137567451567,0.61668664727434,0.6936560234971628,0.27419695815122186,0.3535493086265604,0.43173084383633104
2020-07-14,Illinois,0.27613693572353026,0.35315409705949047,0.43105026903170485,0.5458130451897245,0.6246533305011206,0.703250465862966
2020-07-14,Iowa,0.47631545029401623,0.5281352595094517,0.579973167656334,0.4141375098568754,0.46729912941202423,0.520826492165287
2020-07-14,Kansas,0.4934452416196552,0.5454272965019058,0.5982755132334171,0.3622468742243461,0.41687157997576785,0.47081554697777667
2020-07-14,Kentucky,0.4696048594936677,0.5217532207567297,0.5740598867728037,0.4122646458988164,0.4654076394693231,0.5198131029207032
2020-07-14,Louisiana,0.4988520024533657,0.5754179659601687,0.6515793178147258,0.34924731917859275,0.42810187055489357,0.5057049606880901
2020-07-14,Maine,0.497052352109149,0.5488981395801931,0.6021773572332719,0.3810641101451758,0.434566026588023,0.48835198957648984
2020-07-14,Massachusetts,0.27889010170809464,0.3552736941410026,0.434185222306794,0.5436859001362223,0.6202013159592641,0.6988350114013729
2020-07-14,Michigan,0.3920488188505582,0.44204800925989324,0.49171261589715626,0.4826108627759517,0.5330712792456547,0.5844532987846411
2020-07-14,Minnesota,0.3092117165860687,0.38661140376290004,0.46356786710514963,0.5068184760752714,0.5833931600719974,0.6615363241154223
2020-07-14,Mississippi,0.49535158945818053,0.5512142527326667,0.606679949635038,0.3846999458016294,0.44233877617917783,0.49978702938526387
2020-07-14,Montana,0.43619734246390446,0.48805411173328606,0.5396993434997822,0.4644449814071486,0.5173512243374825,0.5708271390490043
2020-07-14,Nebraska,0.4925926749272745,0.5709377081255623,0.6487511119800335,0.32426275271908067,0.4043443434430816,0.48254722677322265
2020-07-14,New Hampshire,0.36092284925649776,0.42100323939222284,0.4811825438799384,0.5163629950948282,0.577491744736416,0.6394717644190122
2020-07-14,New Jersey,0.37246716704815713,0.4362658864815857,0.5003441298427465,0.49643922838495314,0.5618491606577409,0.6270026415397069
2020-07-14,New Mexico,0.26751744719839393,0.3274165144687352,0.3871374138109408,0.48721078318173044,0.5485715911615267,0.6099985398502927
2020-07-14,North Carolina,0.4052625705050397,0.45462864585438234,0.5051398198668245,0.4601126303588544,0.5110911894260799,0.5625103113705086
2020-07-14,Oklahoma,0.576173147520105,0.6530653146557088,0.729809195954734,0.23236862389765273,0.3114097779496702,0.38952597704373826
2020-07-14,Oregon,0.21084909358062415,0.2893367123548505,0.3671816285401761,0.5636713508473005,0.6424227719924642,0.7216332556313838
2020-07-14,Rhode Island,0.29772703926005667,0.3762020598125456,0.45282737939652257,0.5529740571951256,0.6301162233210327,0.7090900328439873
2020-07-14,South Carolina,0.49700380467327904,0.5528819522315742,0.6094826957729733,0.38830158775061074,0.4457719950460323,0.5034527714570132
2020-07-14,South Dakota,0.5286091187423227,0.6071367702475376,0.684857133083381,0.212684853800657,0.29083690843488086,0.3691273397062537
2020-07-14,Tennessee,0.4761956907209508,0.5413081618527461,0.606264996227571,0.3913455097126931,0.4568188297626144,0.5229742068892673
2020-07-14,Texas,0.43376818296234965,0.4847812522296926,0.5360420101012179,0.3667152287303325,0.4185080274569344,0.4713573651042622
2020-07-14,Virginia,0.32493196534973856,0.4034080454823018,0.48167082435414293,0.5089739316842351,0.5871024352135553,0.6654888881327412
2020-07-14,West Virginia,0.47454203386044846,0.5524458112202846,0.6295143347184022,0.36467724474220387,0.44311298831748447,0.5217025313343316
2020-07-14,Wyoming,0.5855429522278363,0.6640503783365144,0.7407121597225101,0.2398167944528048,0.31881285267306486,0.3971722296723764
2020-07-15,Alabama,0.5086738295608014,0.5605210423813598,0.612453719352485,0.38029748195922664,0.43353200769851397,0.4866884399588972
2020-07-15,Alaska,0.4059192735425304,0.46087699846280894,0.5154982978846359,0.2921113712403233,0.34760382805373585,0.4029447968388794
2020-07-15,Arizona,0.41817320305472555,0.4677024274981918,0.5179921351138327,0.4771774384991108,0.5282184188983533,0.579152600522608
2020-07-15,Arkansas,0.6151922252413744,0.6866490728198948,0.7580707410447953,-1,-1,-1
2020-07-15,Colorado,0.356402294981469,0.4126741886500903,0.4680113756244668,0.5094402705281885,0.566439001143406,0.6235741019476435
2020-07-15,Delaware,0.29370565819884836,0.37195648298312184,0.44894589164021925,0.5376626752740977,0.6169261547552126,0.6951089407061766
2020-07-15,Georgia,0.44822312415021454,0.4993014892849239,0.5501156073464405,0.4298871060229491,0.4822178858494297,0.5347135830039446
2020-07-15,Idaho,0.5397365211282806,0.6173000153660202,0.6952905832287628,0.2748755967154973,0.35394900731813694,0.4317495387758863
2020-07-15,Illinois,0.27538231879227787,0.35386482626683335,0.43142173685183405,0.5456264716719618,0.6251394171276878,0.7027578116720884
2020-07-15,Iowa,0.4761549006086914,0.5284512555453466,0.5803665853759162,0.4138200710913055,0.4672226245003652,0.5210581781237392
2020-07-15,Kansas,0.49354815719015593,0.5456108713730217,0.5984582948953505,0.3629621546918809,0.41686321555855904,0.4702103260041976
2020-07-15,Kentucky,0.46998836379767867,0.5220656988628103,0.5741687261283075,0.4130303880522662,0.4653382087027956,0.518626370871561
2020-07-15,Louisiana,0.4983865871073077,0.5759653348722825,0.6521976317304177,0.34957784032451655,0.4278113865856387,0.5057209740027491
2020-07-15,Maine,0.49765265510579054,0.5496684747557328,0.6021297212638714,0.38098462927261695,0.4346176093792407,0.4878599390459642
2020-07-15,Massachusetts,0.27716184188785714,0.3562158039115917,0.43348541973300053,0.5424550309830148,0.6215082070080203,0.6997414087230921
2020-07-15,Michigan,0.3925018618036955,0.44213396517602416,0.4920301978113177,0.4818519459732071,0.5332306336543444,0.5845544011276043
2020-07-15,Minnesota,0.3082675853368618,0.38660889274228627,0.46455078977452485,0.5061292886024987,0.5845778095772712,0.6629305807082073
2020-07-15,Mississippi,0.49614767335254273,0.5517790802368064,0.6070447567993915,0.3858186286132442,0.44247262023401296,0.49937664826563966
2020-07-15,Montana,0.43651847937277405,0.48865234772629207,0.5401903887725044,0.4644549026231694,0.5176016968204586,0.5706286633192422
2020-07-15,Nebraska,0.49452093119802115,0.5713121169685005,0.6489645303174028,0.32548182349835575,0.4035544323178918,0.48167635580917556
2020-07-15,New Hampshire,0.361472767492783,0.4214947143835326,0.48171729911396355,0.5172540310255368,0.5781537292121679,0.6391528845254961
2020-07-15,New Jersey,0.37251123972245476,0.43621937968560653,0.5008310027636764,0.49664573049069116,0.5619689143976256,0.6266554425220247
2020-07-15,New Mexico,0.26829433557004,0.32721705877593077,0.3867757368671753,0.4877954891532317,0.5489703478085357,0.6094136544736956
2020-07-15,North Carolina,0.4053332087406625,0.4551542933149887,0.5049005265652061,0.459850637758519,0.5111989078927117,0.5625469886547195
2020-07-15,Oklahoma,0.5764512965253458,0.6531103147402595,0.7307229058300323,0.23304822507812215,0.3118140990729001,0.3895774823094025
2020-07-15,Oregon,0.21262672961804652,0.2894549847067661,0.366746349510389,0.5637687428410807,0.6428328385329969,0.7213983829521459
2020-07-15,Rhode Island,0.2989177875847705,0.37602207764814266,0.4533859667438738,0.5524807016371213,0.6307884039774598,0.70883074243193
2020-07-15,South Carolina,0.4969768969552387,0.55300279393976,0.6092995899672413,0.388669676407392,0.4457965724237223,0.5028145413442567
2020-07-15,South Dakota,0.529956943796299,0.6074851048229033,0.6857072246672408,0.21154352802321122,0.29068033850957353,0.3697660113527067
2020-07-15,Tennessee,0.4767580412372366,0.5415166283525354,0.6057360388132635,0.3913871079814953,0.457951735912475,0.5231318847109789
2020-07-15,Texas,0.43423308217055423,0.4847378530117764,0.5361947706024941,0.36676948747393856,0.4185810932709001,0.47113739200452254
2020-07-15,Virginia,0.32538459282279536,0.4033586193897185,0.48065725601523823,0.508183708006426,0.5870152655308123,0.6647258771341297
2020-07-15,West Virginia,0.475881175535516,0.553056354554484,0.6309975932414257,0.36514595503434205,0.44313395748701107,0.5216372235282167
2020-07-15,Wyoming,0.5864317707008659,0.6638364337477599,0.7418590411624368,0.23890787473666897,0.3183708702661436,0.3978807521821271
